номер,наименование
1,FREE RUSSIA FOUNDATION
2,NATIONAL SOCIALISM/WHITE POWER*  (NS/WP; NS/WP CREW; NS/WP GREW SPARROWS; SPARROWS CREW/WHITE POWER; НАЦИОНАЛ-СОЦИАЛИЗМ/БЕЛАЯ СИЛА ВЛАСТЬ)
3,URALIC KESKUS MTU  (MTU POLISTRAHVASTE ARENGU KESKUS; URALIC CENTR OF INDIGENOUS PEOPLES; ЦЕНТР URALIC; ЦЕНТР РАЗВИТИЯ КОРЕННЫХ НАРОДОВ)
4,АВТОНОМНАЯ НЕКОММЕРЧЕСКАЯ ОРГАНИЗАЦИЯ БЛАГОТВОРИТЕЛЬНЫЙ ПАНСИОНАТ АК УМУТ- СВЕТЛАЯ НАДЕЖДА
5,АВТОНОМНАЯ НЕКОММЕРЧЕСКАЯ ОРГАНИЗАЦИЯ ПАТРИОТИЧЕСКОГО ВОСПИТАНИЯ МОЛОДЕЖИ РУБЕЖ СЕВЕРА
6,АДЖР ОТ АЛЛАХА СУБХАНУ УА ТАГЪАЛЯ SHAM*
7,АЛЛЯ-АЯТ  (АЛЛА АЯТ; АЛЛЬ АЯТ; АЛЛЯ АЯТ; АЛЬ АЯТ; ЭЛЛЕ АЯТ; ЭЛЛЭ АЯТ)
8,АЛЬ-КАИДА В СТРАНАХ ИСЛАМСКОГО МАГРИБА (ПРЕЖНЕЕ НАЗВАНИЕ САЛАФИСТСКАЯ ГРУППА ПРОПОВЕДИ И ДЖИХАДА)*
9,АЛЬЯНС СОЛИДАРНОСТИ СЕВЕРНОЙ ЕВРАЗИИ/NESA*  (NORTH EURASIA SOLIDARITY ALLIANCE)
10,АЛЬЯНС/КОАЛИЦИЯ (КОРЕННЫХ НАРОДОВ)*
11,АЛЬЯНС/КОАЛИЦИЯ (КОРЕННЫХ НАРОДОВ)
12,"АМЕРИКАНСКАЯ ТРАНСНАЦИОНАЛЬНАЯ ХОЛДИНГОВАЯ КОМПАНИЯ META PLATFORMS INC. ПО РЕАЛИЗАЦИИ ПРОДУКТОВ - СОЦИАЛЬНЫХ СЕТЕЙ FACEBOOK И INSTAGRAM
  (META PLATFORMS INC.)"
13,АНТИВОЕННОЕ ЭТНИЧЕСКОЕ ДВИЖЕНИЕ НОВАЯ ТЫВА  (NEW TUVA)
14,АРМЯНСКИЙ ЛЕГИОН БАГРАТУНИ*
15,АСБАТ АЛЬ-АНСАР*
16,АССАМБЛЕЯ НАЦИОНАЛЬНОГО ВОЗРОЖДЕНИЯ*
17,АССОЦИАЦИЯ КОРЕННЫХ НАРОДОВ РОССИЙСКОЙ ФЕДЕРАЦИИ*
18,АХЛЮ СУННА ВАЛЬ ДЖАМАА*
19,БАЗА (АЛЬ-КАИДА)*
20,БАЛТИЙСКАЯ РЕСПУБЛИКАНСКАЯ ПАРТИЯ*
21,БАЛТИЙСКАЯ РЕСПУБЛИКАНСКАЯ ПАРТИЯ
22,БАТАЛЬОН БРАТСТВО*
23,БАТАЛЬОН ИМ. ДЖОХАРА ДУДАЕВА*
24,БАТАЛЬОН ИМ. ИМАМА ШАМИЛЯ*
25,БАТАЛЬОН ИМ. ХАМЗАТА ГЕЛАЕВА*
26,БАТАЛЬОН ИМ. ШЕЙХА МАНСУРА (УКРАИНА)*
27,БАТАЛЬОН ТУРАН*
28,БАШКИРСКАЯ АРМИЯ ОСВОБОЖДЕНИЯ*
29,БАШКИРСКАЯ ОБЩЕСТВЕННАЯ ОРГАНИЗАЦИЯ БАШКОРТ
30,БАШКИРСКИЙ НАЦИОНАЛЬНО-ПОЛИТИЧЕСКИЙ ЦЕНТР*  (БАШНАЦПОЛИТ)
31,БАШКИРСКИЙ НАЦИОНАЛЬНЫЙ ПОЛИТИЧЕСКИЙ ЦЕНТР  (БАШНАЦПОЛИТ)
32,БОЕВОЕ КРЫЛО ВОИНОВ КЁНИГ ЛЕГИОНА*
33,БРАТЬЯ-МУСУЛЬМАНЕ (АЛЬ-ИХВАН АЛЬ-МУСЛИМУН)*
34,БУРЯТСКИЙ ИНФОРМАЦИОННЫЙ ЦЕНТР*
35,БУРЯТСКОЕ НАЦИОНАЛЬНОЕ ДЕМОКРАТИЧЕСКОЕ ДВИЖЕНИЕ*
36,ВЗВОД ИНГРИЯ*
37,ВОЕНИЗИРОВАННАЯ ОРГАНИЗАЦИЯ ПОЛК ИМЕНИ КАСТУСЯ КАЛИНОВСКОГО С ВХОДЯЩИМИ В НЕЕ СТРУКТУРНЫМИ ПОДРАЗДЕЛЕНИЯМИ*  (ПОЛК IМЯ КАСТУСЯ КАЛIНОЎСКАГА)
38,ВОЕННОЕ КРЫЛО ДВИЖЕНИЯ ЧЕРНЫЙ МОСТ*  (WAR BRIDGE)
39,ВОЕННО-ПАТРИОТИЧЕСКИЙ КЛУБ БЕЛЫЙ КРЕСТ
40,ВОЕННЫЙ КОМИТЕТ КАВКАЗСКОГО СОЮЗА*
41,ВОЛЖСКАЯ БУЛГАРИЯ
42,ВОРОНЕЖСКОЕ РЕСПУБЛИКАНСКОЕ ПАРТИЗАНСКОЕ СОПРОТИВЛЕНИЕ*
43,ВСЕМИРНЫЙ ЧЕЧЕНСКИЙ КОНГРЕСС
44,ВСЕМИРНЫЙ ЧЕЧЕНСКИЙ КОНГРЕСС*
45,ВСЕРОССИЙСКОЕ ОБЩЕСТВЕННОЕ ДВИЖЕНИЕ НАРОДНОЕ ОПОЛЧЕНИЕ ИМЕНИ К. МИНИНА И Д. ПОЖАРСКОГО*
46,ВСЕТАТАРСКИЙ ОБЩЕСТВЕННЫЙ ЦЕНТР*
47,ВЫСШИЙ ВОЕННЫЙ МАДЖЛИСУЛЬ ШУРА ОБЪЕДИНЕННЫХ СИЛ МОДЖАХЕДОВ КАВКАЗА*
48,ВЫСШИЙ СОВЕТ НОГАЙСКОГО НАРОДА
49,ГОСУДАРСТВО ТАБАСАРАНСТАН*
50,ГРАЖДАНСКИЙ СОВЕТ*
51,ГРУЗИНСКИЙ НАЦИОНАЛЬНЫЙ ЛЕГИОН*
52,ГРУППА ДЖАМААТ МУВАХИДОВ
53,ГРУППА КОНЦЕПЦИЯ А.Н.В.*  (АВАНГАРД НАРОДНОЙ ВОЛИ)
54,ДАГЕСТАНСКИЙ НАЦИОНАЛЬНЫЙ ЦЕНТР*
55,ДАГЕСТАНСКИЙ НАЦИОНАЛЬНЫЙ ЦЕНТР
56,ДВИЖЕНИЕ ABN – АНТИИМПЕРСКИЙ БЛОК НАРОДОВ*
57,ДВИЖЕНИЕ FENNOSCANDIA & VAERINGJAVEGR*  (ФЕННОСКАНДИЯ)
58,ДВИЖЕНИЕ KOSTROMSKA/КОСТРОМСКАЯ РЕСПУБЛИКА*  (НЕЗАВИСИМАЯ КОСТРОМА)
59,ДВИЖЕНИЕ SUUR SUOMI – GREAT FINLAND*  (ВЕЛИКАЯ ФИНЛЯНДИЯ)
60,ДВИЖЕНИЕ SUUR-SUOMEN SOTILAAT*  (СОЛДАТЫ ВЕЛИКОЙ ФИНЛЯНДИИ)
61,ДВИЖЕНИЕ АТЕШ*
62,ДВИЖЕНИЕ БЕЛГОРОДСКАЯ НАРОДНАЯ РЕСПУБЛИКА*  (ЗЕМЛЯ БЕЛГОРОДСКАЯ)
63,ДВИЖЕНИЕ БОРИСОГЛЕБСКАЯ РАДА*
64,ДВИЖЕНИЕ БЬЯРМИЯ*  (BJARMA; BJARMLAND; БИАРМИЯ; БЬЯРМА; БЬЯРМАЛЕНД; ПОМОРСКАЯ РЕСПУБЛИКА; ПОМОРЬСКАЯ СЛОБОДА; СВОБОДНОЕ ПОМОРЬЕ)
65,ДВИЖЕНИЕ ВЕРХНЕ-ЕIЦКАЯ ЛIНIЯ*
66,ДВИЖЕНИЕ ВЕРХНЕ-ЯИЦКИЙ ЪРТАУЛ*  (ОРЕНБУРГСКАЯ КАЗАЧЬЯ РЕСПУБЛИКА; ОРЕНБУРГСКИЙ КАЗАЧИЙ КРУГ; ОРЕНБУРГСКОЕ ВОЙСКО)
67,ДВИЖЕНИЕ ВОЛГАДОЙЧЕ*
68,ДВИЖЕНИЕ ВОЛЬНАЯ РОДИНА*
69,ДВИЖЕНИЕ ВОЛЬНЫЙ ВЫБОРГ*  (VAPAA VIIPURI; ВЫБОРГСКАЯ РЕСПУБЛИКА)
70,ДВИЖЕНИЕ ВОРОНЕЖСКАЯ РЕСПУБЛИКА*  (РЕСПУБЛИКА ЧЕРНОЗЕМЬЕ-ЮГОРУССИЯ; ФЕДЕРАЦИЯ ЧЕРНОЗЕМЬЕ; ЮГО-РУССКАЯ РЕСПУБЛИКА; ЮГОРУСЬ)
71,ДВИЖЕНИЕ ВОСТОЧНО-КРИВСКАЯ ПЛАТФОРМА*
72,ДВИЖЕНИЕ ГОРСКАЯ РЕСПУБЛИКА*
73,ДВИЖЕНИЕ ДАЛЬНЕВОСТОЧНАЯ КОНФЕДЕРАЦИЯ*
74,ДВИЖЕНИЕ ДАЛЬНЕВОСТОЧНАЯ РЕСПУБЛИКА*  (РЕСПУБЛИКА ПЕРЕСЛАВИЯ)
75,ДВИЖЕНИЕ ДЕМОКРАТИЧЕСКАЯ РЕСПУБЛИКА СИБИРСКИХ ТАТАР*
76,ДВИЖЕНИЕ ДИПЛОМАТИЧЕСКИЙ СОВЕТ ЧУВАШИИ – ВОЛЖСКОЙ БУЛГАРИИ*
77,ДВИЖЕНИЕ ДОНСКАЯ РЕСПУБЛИКА
78,ДВИЖЕНИЕ ДОНСКАЯ РЕСПУБЛИКА/КАЗАКИЯ*  (COSSACKIA)
79,ДВИЖЕНИЕ ЕДИНАЯ СИЛА ОБЪЕДИНЕННОЙ ДИАСПОРЫ ЧЕЧЕНСКОЙ РЕСПУБЛИКИ ИЧКЕРИЯ*  (CHECHEN UNITED FORCE)
80,ДВИЖЕНИЕ ЕЗИКОВЫЙ ЕРТАУЛ
81,ДВИЖЕНИЕ ЕЛЕЦКАЯ АВТОНОМНАЯ РЕСПУБЛИКА*  (ЛИПЕЦКАЯ АВТОНОМНАЯ РЕСПУБЛИКА)
82,ДВИЖЕНИЕ ЖЕЛТЫЙ КЛИН-ПОВОЛЖСКАЯ ФЕДЕРАЦИЯ*  (ЖОВТИЙ КЛИН)
83,ДВИЖЕНИЕ ЗА НЕЗАВИСИМОСТЬ БУРЯТИИ ТУСГААР БУРЯАТ-МОНГОЛИЯ*
84,ДВИЖЕНИЕ ЗА НЕЗАВИСИМОСТЬ РЕСПУБЛИКИ КОМИ*  (ДОРЬЯМ АСЬНЫМОС – ЗАЩИТИМ СЕБЯ)
85,ДВИЖЕНИЕ ЗА НЕЗАВИСИМОСТЬ РЕСПУБЛИКИ МАРИЙ ЭЛ*  (ШКЕШАМ)
86,ДВИЖЕНИЕ ЗА НЕЗАВИСИМОСТЬ РЕСПУБЛИКИ САХА*  (INDEPENDENT SAKHA MOVEMENT)
87,ДВИЖЕНИЕ ЗА НЕЗАВИСИМОСТЬ РЕСПУБЛИКИ САХА
88,ДВИЖЕНИЕ ЗА СВОБОДУ ТАТПОЛИТ*
89,ДВИЖЕНИЕ ЗАЛЕССКАЯ РЕСПУБЛИКА*  (ЗАЛЕССКАЯ РУСЬ)
90,ДВИЖЕНИЕ ЗЕЛЕНАЯ ЖАНДАРМЕРИЯ 2.0*
91,ДВИЖЕНИЕ ЗЕЛЕНЫЙ КЛИН - МОЯ БАТКIВЩИНА
92,ДВИЖЕНИЕ ЗЕЛЕНЫЙ КЛИН – МОЯ БАТКIВЩИНА*
93,ДВИЖЕНИЕ ИЛАНВИЙМА*  (ВОЗРОЖДЕНИЕ САМОСОЗНАНИЯ МЕРЯ)
94,ДВИЖЕНИЕ ИНГРИЯ*  (ИНГЕРМАНЛАНДИЯ; СВОБОДНАЯ ИНГРИЯ)
95,ДВИЖЕНИЕ ИРEКЛE ЧAВАШ ЕН - СВОБОДНАЯ ВОЛЖСКАЯ БУЛГАРИЯ*  (ИРEКЛE ПAЛХАР - СВОБОДНАЯ ВОЛЖСКАЯ БУЛГАРИЯ; ИРEКЛEХ)
96,ДВИЖЕНИЕ КРЫМСКАЯ РЕСПУБЛИКА*  (КЫРЫМ РЕСПУБЛИКАСЫ)
97,ДВИЖЕНИЕ КУБАНСКОЕ КАЗАЧЬЕ ВОЙСКО*  (ВОЛЬНОКАЗАЧЬЕ КУБАНСКОЕ ДВИЖЕНИЕ ГРУППА 91)
98,ДВИЖЕНИЕ КУРСКАЯ НАРОДНАЯ РЕСПУБЛИКА*
99,ДВИЖЕНИЕ МАЛИНОВЫЙ КЛИН - НЕЗАВИСИМАЯ КУБАНЬ
100,ДВИЖЕНИЕ МАЛИНОВЫЙ КЛИН – НЕЗАВИСИМАЯ КУБАНЬ*
101,ДВИЖЕНИЕ МЕРЯНИЯ*  (MERAMAA; MERJAMAA; ТУЙБАН КЕРДО)
102,ДВИЖЕНИЕ МОКШЕНЬ МАСТОР*
103,ДВИЖЕНИЕ МОСКОВСКОЕ ОСВОБОДИТЕЛЬНОЕ ДВИЖЕНИЕ*
104,ДВИЖЕНИЕ НИЖЕГОРОДСКАЯ РЕСПУБЛИКА*
105,ДВИЖЕНИЕ НОВГОРОДСКАЯ РЕСПУБЛИКА*  (NOVGOROD REPUBLIC; РЕСПУБЛИКА ГАРДАРИКА; РЕСПУБЛИКА ХОЛЬМГАРД)
106,ДВИЖЕНИЕ НОГАЙСКАЯ РЕСПУБЛИКА*  (ДВИЖЕНИЕ СВОБОДНЫЙ НОГАЙСТАН/FREE NOGAISTAN; МЕЖДУНАРОДНАЯ НОГЪАЙСКАЯ ОРГАНИЗАЦИЯ ВЫСШИЙ СОВЕТ НОГЪАЙСКОГО НАРОДА)
107,ДВИЖЕНИЕ НОГАЙСКИЙ НАЦИОНАЛЬНЫЙ ПОЛИТИЧЕСКИЙ ЦЕНТР*
108,ДВИЖЕНИЕ ОВОД СВОБОДА И ВОЛЯ*  (НОВГОРОДСКАЯ ВЕЧЕВАЯ РЕСПУБЛИКА)
109,ДВИЖЕНИЕ ОРЕНБУРГСКАЯ НАРОДНАЯ РЕСПУБЛИКА*
110,ДВИЖЕНИЕ ОРЛОВСКАЯ АВТОНОМНАЯ РЕСПУБЛИКА*
111,ДВИЖЕНИЕ ПРИМОРСКАЯ РЕСПУБЛИКА*
112,ДВИЖЕНИЕ ПСКОВСКАЯ РЕСПУБЛИКА*  (РОГЛАНДИЯ; СВОБОДНЫЙ ПСКОВ)
113,ДВИЖЕНИЕ ПСКОВСКАЯ РЕСПУБЛИКА
114,ДВИЖЕНИЕ РЕСПУБЛИКА КЁНИГСБЕРГ*  (БАЛТИЙСКАЯ РЕСПУБЛИКА; СВОБОДНЫЙ КЁНИГСБЕРГ)
115,ДВИЖЕНИЕ РЕСПУБЛИКА МЕЩЁРА*
116,ДВИЖЕНИЕ РЕСПУБЛИКА МОСКОВИЯ*  (МОСКОВСКАЯ РЕСПУБЛИКА)
117,ДВИЖЕНИЕ РЕСПУБЛИКА ЮГРА*  (ЛАНМАРИЯ; ЛАНМАРСКАЯ ФЕДЕРАЦИЯ; ФЕДЕРАЦИЯ ЮГРА-ТЮМЕНЬ)
118,ДВИЖЕНИЕ РПД ЧЕРНЫЙ МОСТ*  (РПД ЧЕРНЫЙ МОСТ ПОДДЕРЖКА)
119,ДВИЖЕНИЕ САМАРСКАЯ НАРОДНАЯ РЕСПУБЛИКА*
120,ДВИЖЕНИЕ САРАТОВСКАЯ РЕСПУБЛИКА*  (ПОВОЛЖСКАЯ РЕСПУБЛИКА)
121,ДВИЖЕНИЕ СВОБОДНАЯ КУБАНЬ*
122,ДВИЖЕНИЕ СВОБОДНАЯ ЛАПЛАНДИЯ*  (КОЛАНДИЯ; РЕСПУБЛИКА ЛАПЛАНДИЯ)
123,ДВИЖЕНИЕ СВОБОДНАЯ УДМУРТИЯ*
124,ДВИЖЕНИЕ СВОБОДНАЯ ЧЕРКЕССИЯ*  (ВЕЛИКАЯ ЧЕРКЕССИЯ; РЕСПУБЛИКА ЧЕРКЕССИЯ; СОВЕТ ОБЪЕДИНЕННОЙ ЧЕРКЕССИИ)
125,ДВИЖЕНИЕ СВОБОДНАЯ ЧЕРКЕССИЯ
126,ДВИЖЕНИЕ СВОБОДНЫЙ БАШКОРТОСТАН*
127,ДВИЖЕНИЕ СВОБОДНЫЙ НОГАЙ-ЭЛ*
128,ДВИЖЕНИЕ СЕВЕРНАЯ ЕВРАЗИЯ*  (ПРАВИТЕЛЬСТВО КОНФЕДЕРАЦИИ СЕВЕРНОЙ ЕВРАЗИИ В ИЗГНАНИИ)
129,ДВИЖЕНИЕ СЕВЕРНАЯ КОНФЕДЕРАЦИЯ ОСТСКАНДИИ*
130,ДВИЖЕНИЕ СЕВЕРНОЕ БРАТСТВО*
131,ДВИЖЕНИЕ СЕВЕРСКИЙ КРАЙ – КУРСКАЯ ЗЕМЛЯ*  (КУНР)
132,ДВИЖЕНИЕ СЕРЫЙ КЛИН-СИБИРСКОЕ ГОСУДАРСТВО УКРАИНЦЕВ*
133,ДВИЖЕНИЕ СМОЛЕНСКАЯ РЕСПУБЛИКА*  (СМАЛЕНСКАЯ РЭСПУБЛIКА)
134,ДВИЖЕНИЕ СОЮЗ НАРОДОВ ЗА ОСВОБОЖДЕНИЕ*
135,ДВИЖЕНИЕ ТАГАНРОГСКАЯ РЕСПУБЛИКА*
136,ДВИЖЕНИЕ ТАЛИБАН*
137,ДВИЖЕНИЕ ТВЕРСКАЯ ЗЕМЛЯ*  (ТВЕРСКАЯ НАРОДНАЯ РЕСПУБЛИКА; ТВЕРСКАЯ РЕСПУБЛИКА)
138,ДВИЖЕНИЕ ТИХООКЕАНСКАЯ ФЕДЕРАЦИЯ*
139,ДВИЖЕНИЕ ТЮРЬМА НАРОДОВ*
140,ДВИЖЕНИЕ УДМУРТ ЭРИКО*
141,ДВИЖЕНИЕ УРАЛЬСКАЯ ПЛАТФОРМА*
142,ДВИЖЕНИЕ УРАЛЬСКАЯ РЕСПУБЛИКА*  (ФЕДЕРАТИВНАЯ РЕСПУБЛИКА УРАЛ)
143,ДВИЖЕНИЕ ФЕДЕРАТИВНАЯ СИБИРЬ*  (ДВИЖЕНИЕ ЗА ОСВОБОЖДЕНИЕ И НЕЗАВИСИМОСТЬ СИБИРИ; КОМИТЕТ НЕЗАВИСИМОЙ КОНФЕДЕРАЦИИ СИБИРЬ; СБС СИБИРЬ; СВОБОДНАЯ СИБИРЬ; СИБИРЬ ВОЛЬНАЯ; СОЕДИНЕННЫЕ ШТАТЫ СИБИРИ; ФЕДЕРАТИВНЫЕ ШТАТЫ СИБИРИ)
144,ДВИЖЕНИЕ ФЕДЕРАЦИЯ ДОНА И ПОВОЛЖЬЯ*  (КОН(ФЕДЕРАЦИЯ) ПОВОЛЖЬЕ; ПОВОЛЖСКАЯ ФЕДЕРАЦИЯ)
145,ДВИЖЕНИЕ ЦЕНТР ОСТРОПА*  (CENTER OSTROPA)
146,ДВИЖЕНИЕ ЪЗИКОВЪЙ ЪРТАУЛ*  (ВЕЛИКОЕ ВОЙСКО ДОНСКОЕ)
147,ДВИЖЕНИЕ ЭКСПОЗИЦИЯ РЕВОЛЮЦИОННОГО АНАРХИЗМА (Э.Р.А.)*
148,ДВИЖЕНИЕ ЭРЗЯНЬ МАСТОР*
149,ДВИЖЕНИЕ ЭРХЕТЕН/ERKHETEN БУРЯТИЯ*
150,ДВИЖЕНИЕ ЮЖНОУРАЛЬСКАЯ РЕСПУБЛИКА*
151,ДЕМОКРАТИЧЕСКОЕ ДВИЖЕНИЕ БУРЯАД-МОНГОЛ ЭРХЭТЭН
152,ДЖЕБХАТ АН-НУСРА (ФРОНТ ПОБЕДЫ)*  (ДЖИБХА АЛЬ-НУСРА ЛИ АХЛЬ АШ-ШАМ (ФРОНТ ПОДДЕРЖКИ ВЕЛИКОЙ СИРИИ))
153,ДЖУНД АШ-ШАМ (ВОЙСКО ВЕЛИКОЙ СИРИИ)*
154,ДИПЛОМАТИЧЕСКИЙ СОВЕТ ЧУВАШИИ
155,ДОМ ДВУХ СВЯТЫНЬ (АЛЬ-ХАРАМЕЙН)*
156,ИМАРАТ КАВКАЗ (КАВКАЗСКИЙ ЭМИРАТ)*
157,ИНГЕРМАНЛАНДСКИЙ БАТАЛЬОН*  (ИНГЕРМАНЛАНДСКИЙ БАТАЛЬОН KILPI)
158,ИНГУШСКАЯ ОСВОБОДИТЕЛЬНАЯ АРМИЯ*
159,ИНОСТРАННАЯ НЕПРАВИТЕЛЬСТВЕННАЯ НЕКОММЕРЧЕСКАЯ ОРГАНИЗАЦИЯ ЧЕРКЕССКИЙ КУЛЬТУРНЫЙ ЦЕНТР (РЕСПУБЛИКА ГРУЗИЯ)
160,ИСЛАМСКАЯ ГРУППА (АЛЬ-ГАМАА АЛЬ-ИСЛАМИЯ)*
161,ИСЛАМСКАЯ ГРУППА (ДЖАМААТ-И-ИСЛАМИ)*
162,ИСЛАМСКАЯ ПАРТИЯ ТУРКЕСТАНА (БЫВШЕЕ ИСЛАМСКОЕ ДВИЖЕНИЕ УЗБЕКИСТАНА)*
163,ИСЛАМСКИЙ ДЖИХАД-ДЖАМААТ МОДЖАХЕДОВ (ГРУППА ИСЛАМСКОГО ДЖИХАДА)*
164,ИСЛАМСКОЕ ГОСУДАРСТВО*  (ИСЛАМСКОЕ ГОСУДАРСТВО ИРАКА И ЛЕВАНТА; ИСЛАМСКОЕ ГОСУДАРСТВО ИРАКА И СИРИИ; ИСЛАМСКОЕ ГОСУДАРСТВО ИРАКА И ШАМА)
165,КАВКАЗСКИЙ ЛЕГИОН*
166,КАЗАЧЬЕ НАЦИОНАЛЬНО-ОСВОБОДИТЕЛЬНОЕ ДВИЖЕНИЕ
167,КАРЕЛЬСКИЙ НАЦИОНАЛЬНЫЙ БАТАЛЬОН*  (КАРЕЛЬСКИЙ НАЦИОНАЛЬНЫЙ БАТАЛЬОН NORD)
168,КАРЕЛЬСКОЕ НАЦИОНАЛЬНОЕ ДВИЖЕНИЕ*  (KARJALA & SAAMI; KARJALAN KANSALLINEN LIKE; KARJALAN TASAVALTA/TAZOVALDKUND/TAZAVALDU; STOP THE OCCUPATION OF KARELIA; КАРЕЛЬСКАЯ КАНДАЛАКША; КАРЕЛЬСКОЕ НАЦИОНАЛЬНО-ОСВОБОДИТЕЛЬНОЕ ДВИЖЕНИЕ)
169,КАРЕЛЬСКОЕ НАЦИОНАЛЬНОЕ ДВИЖЕНИЕ
170,КАРЕЛЬСКОЕ РЕГИОНАЛЬНОЕ ОТДЕЛЕНИЕ МЕЖРЕГИОНАЛЬНОЙ МОЛОДЕЖНОЙ ОБЩЕСТВЕННОЙ БЛАГОТВОРИТЕЛЬНОЙ ОРГАНИЗАЦИИ МОЛОДЕЖНАЯ ПРАВОЗАЩИТНАЯ ГРУППА
171,КАТИБА ТАУХИД ВАЛЬ-ДЖИХАД*
172,КИРОВСКАЯ РЕГИОНАЛЬНАЯ ОБЩЕСТВЕННАЯ ОРГАНИЗАЦИЯ КЛУБ БОЛЕЛЬЩИКОВ ФУТБОЛЬНОГО КЛУБА ДИНАМО КИРОВ
173,"КОЛУМБАЙН*  (МЕЖДУНАРОДНОЕ МОЛОДЕЖНОЕ ДВИЖЕНИЕ ""КОЛУМБАЙН"")"
174,КОМИТЕТ БАШКИРСКОГО НАЦИОНАЛЬНОГО ДВИЖЕНИЯ ЗА РУБЕЖОМ
175,КОМИТЕТ БАШКИРСКОГО НАЦИОНАЛЬНОГО ДВИЖЕНИЯ ЗА РУБЕЖОМ*
176,КОМИТЕТ БУРЯТСКОЙ НЕЗАВИСИМОСТИ
177,КОМИТЕТ БУРЯТСКОЙ НЕЗАВИСИМОСТИ*
178,КОМИТЕТ НЕЗАВИСИМОЙ КОНФЕДЕРАЦИИ СИБИРИ
179,КОМИТЕТ НЕЗАВИСИМОСТИ РЕСПУБЛИКИ САХА*
180,КОМИТЕТ ПРЕДСТАВИТЕЛЕЙ НАРОДА МОКША В ЭМИГРАЦИИ*  (МОКШАНСКИЙ НАЦИОНАЛЬНЫЙ КОМИТЕТ)
181,КОНГРЕСС БУРЯТСКОГО НАРОДА
182,КОНГРЕСС БУРЯТСКОГО НАРОДА*
183,КОНГРЕСС НАРОДОВ ИЧКЕРИИ И ДАГЕСТАНА*
184,КОНГРЕСС НАРОДОВ СЕВЕРНОГО КАВКАЗА*
185,КОНГРЕСС ОЙРАТ-КАЛМЫЦКОГО НАРОДА*  (FREE KALMYKIA; ВОЛЬНЫЙ УЛУС; ОЙРАТСКАЯ РЕСПУБЛИКА)
186,КОНФЕДЕРАЦИЯ КАВКАЗСКОГО СОЮЗА*  (CAUCASIAN UNION)
187,КОНФЕДЕРАЦИЯ НАРОДОВ СЕВЕРНОГО КАВКАЗА/FREE KAVKAZ*  (КАВКАЗСКАЯ ФЕДЕРАЦИЯ)
188,КООРДИНАЦИОННЫЙ СОВЕТ КУБАНИ (ЧЕРКЕССИИ)*
189,КРЫМСКО-ТАТАРСКИЙ ДОБРОВОЛЬЧЕСКИЙ БАТАЛЬОН ИМЕНИ НОМАНА ЧЕЛЕБИДЖИХАНА*  (БНЧ)
190,ЛАШКАР-И-ТАЙБА*
191,ЛИГА СВОБОДНЫХ НАЦИЙ*  (FREE NATIONS LEAGUE)
192,ЛИГА СВОБОДНЫХ НАЦИЙ
193,МАНЬЯКИ. КУЛЬТ УБИЙСТВ*  (М.К.У.; МАНЬЯКИ КУЛЬТ УБИЙСТВ; МАНЬЯКИ КУЛЬТ УБИЙЦ; МОЛОДЕЖЬ КОТОРАЯ УЛЫБАЕТСЯ)
194,МЕЖДУНАРОДНАЯ ОРГАНИЗАЦИЯ СВОБОДНЫЙ НОГАЙСТАН  (МЕЖДУНАРОДНОЕ ДВИЖЕНИЕ ЗА НЕЗАВИСИМОСТЬ СВОБОДНЫЙ НОГАЙСТАН)
195,МЕЖДУНАРОДНАЯ ОРГАНИЗАЦИЯ СОЗДАННАЯ В ФОРМЕ ОБЩЕСТВЕННОГО ДВИЖЕНИЯ ФОРУМ СВОБОДНЫХ ГОСУДАРСТВ ПОСТРОССИИ*
196,МЕЖДУНАРОДНАЯ РЕЛИГИОЗНАЯ ОРГАНИЗАЦИЯ НУРДЖУЛАР
197,МЕЖДУНАРОДНОЕ ДВИЖЕНИЕ САТАНИЗМА  (МЕЖДУНАРОДНОЕ ДВИЖЕНИЕ САТАНИСТОВ)
198,МЕЖДУНАРОДНОЕ ОБЩЕСТВЕННОЕ ДВИЖЕНИЕ АРЕСТАНТСКОЕ УГОЛОВНОЕ ЕДИНСТВО  (А.У.Е.; АРЕСТАНТСКИЙ УКЛАД ЕДИН; АРЕСТАНТСКОЕ УРКАГАНСКОЕ ЕДИНСТВО; АУЕ)
199,МЕЖДУНАРОДНОЕ ОБЩЕСТВЕННОЕ ДВИЖЕНИЕ ЛГБТ И ЕГО СТРУКТУРНЫЕ ПОДРАЗДЕЛЕНИЯ
200,МЕЖДУНАРОДНОЕ ОБЩЕСТВЕННОЕ ДВИЖЕНИЕ ПО РАЗРУШЕНИЮ МНОГОНАЦИОНАЛЬНОГО ЕДИНСТВА И ТЕРРИТОРИАЛЬНОЙ ЦЕЛОСТНОСТИ РОССИИ АНТИРОССИЙСКОЕ СЕПАРАТИСТСКОЕ ДВИЖЕНИЕ  (АНТИРОССИЙСКОЕ СЕПАРАТИСТСКОЕ ДВИЖЕНИЕ)
201,МЕЖДУНАРОДНОЕ ОБЩЕСТВЕННОЕ ОБЪЕДИНЕНИЕ НАЦИОНАЛ-СОЦИАЛИСТИЧЕСКОЕ ОБЩЕСТВО (НСО НС)
202,МЕЖДУНАРОДНОЕ ОБЪЕДИНЕНИЕ КРОВЬ И ЧЕСТЬ (BLOOD AND HONOUR/COMBAT18 B&H BANDH)
203,МЕЖДУНАРОДНОЕ РЕЛИГИОЗНОЕ ОБЪЕДИНЕНИЕ АТ-ТАКФИР ВАЛЬ-ХИДЖРА
204,МЕЖДУНАРОДНОЕ РЕЛИГИОЗНОЕ ОБЪЕДИНЕНИЕ ТАБЛИГИ ДЖАМААТ
205,МЕЖДУНАРОДНЫЙ БЛАГОТВОРИТЕЛЬНЫЙ ФОНД ИЧКЕРИЯ*
206,МЕЖДУНАРОДНЫЙ КОМИТЕТ КОРЕННЫХ НАРОДОВ*
207,МЕЖРЕГИОНАЛЬНАЯ ОБЩЕСТВЕННАЯ ОРГАНИЗАЦИЯ ГРАЖДАНЕ СССР  (ВЕРХОВНЫЙ СОВЕТ ВОИНОВ ДЕРЖАВЫ СОЮЗА СОВЕТСКИХ СВЕТЛЫХ РОДОВ; ВЕРХОВНЫЙ СОВЕТ СОЮЗА СОВЕТСКИХ СОЦИАЛИСТИЧЕСКИХ РАЙОНОВ; ВСВ ДЕРЖАВА СССР; ДЕРЖАВА СОЮЗ СОВЕТСКИХ СВЕТЛЫХ РОДОВ; СВЕРХДЕРЖАВА СОЮЗ СОВЕТСКИХ СВЕТЛЫХ РОДОВ; СОВЕТ СОВЕТСКИХ СОЦИАЛИСТИЧЕСКИХ РАЙОНОВ; СОЮЗ СОВЕТСКИХ СОЦИАЛИСТИЧЕСКИХ РЕСПУБЛИК)
208,МЕЖРЕГИОНАЛЬНАЯ ОБЩЕСТВЕННАЯ ОРГАНИЗАЦИЯ ДВИЖЕНИЕ ПРОТИВ НЕЛЕГАЛЬНОЙ ИММИГРАЦИИ
209,МЕЖРЕГИОНАЛЬНАЯ ОБЩЕСТВЕННАЯ ОРГАНИЗАЦИЯ НАЦИОНАЛ-БОЛЬШЕВИСТСКАЯ ПАРТИЯ
210,МЕЖРЕГИОНАЛЬНОЕ ЛЕВОРАДИКАЛЬНОЕ АНАРХИСТСКОЕ ДВИЖЕНИЕ НАРОДНАЯ САМООБОРОНА*
211,МЕЖРЕГИОНАЛЬНОЕ ОБЩЕСТВЕННОЕ ДВИЖЕНИЕ АРМИЯ ВОЛИ НАРОДА
212,МЕЖРЕГИОНАЛЬНОЕ ОБЩЕСТВЕННОЕ ДВИЖЕНИЕ АРТПОДГОТОВКА
213,МЕЖРЕГИОНАЛЬНОЕ ОБЩЕСТВЕННОЕ ДВИЖЕНИЕ МОЛОДЕЖНОЕ ДЕМОКРАТИЧЕСКОЕ ДВИЖЕНИЕ ВЕСНА  (ОБЩЕСТВЕННО-ПОЛИТИЧЕСКАЯ ОРГАНИЗАЦИЯ МОЛОДЕЖНОЕ ДЕМОКРАТИЧЕСКОЕ ДВИЖЕНИЕ ВЕСНА)
214,МЕЖРЕГИОНАЛЬНОЕ ОБЩЕСТВЕННОЕ ДВИЖЕНИЕ СИБИРСКИЙ ДЕРЖАВНЫЙ СОЮЗ  (ДУХОВНО-ПОЛИТИЧЕСКОЕ ДВИЖЕНИЕ ОСВОБОЖДЕНИЕ ; СИБИРСКО-УКРАИНСКОЕ ДВИЖЕНИЕ; СЛАВЯНСКОЕ ВОИНСКОЕ БРАТСТВО; СОБОР РУСИ РОДОВ СЛАВНЫХ)
215,МЕЖРЕГИОНАЛЬНОЕ ОБЩЕСТВЕННОЕ ДВИЖЕНИЕ СЛАВЯНСКИЙ СОЮЗ
216,МЕЖРЕГИОНАЛЬНОЕ ОБЩЕСТВЕННОЕ ДВИЖЕНИЕ Я/МЫ СЕРГЕЙ ФУРГАЛ
217,МЕЖРЕГИОНАЛЬНОЕ ОБЩЕСТВЕННОЕ ОБЪЕДИНЕНИЕ - ОРГАНИЗАЦИЯ НАРОДНАЯ СОЦИАЛЬНАЯ ИНИЦИАТИВА  (НАРОДНАЯ СОЦИАЛИСТИЧЕСКАЯ ИНИЦИАТИВА; НАЦИОНАЛЬНАЯ СОЦИАЛИСТИЧЕСКАЯ ИНИЦИАТИВА; НАЦИОНАЛЬНАЯ СОЦИАЛЬНАЯ ИНИЦИАТИВА)
218,МЕЖРЕГИОНАЛЬНОЕ ОБЩЕСТВЕННОЕ ОБЪЕДИНЕНИЕ ДУХОВНО-РОДОВАЯ ДЕРЖАВА РУСЬ
219,МЕЖРЕГИОНАЛЬНОЕ ОБЩЕСТВЕННОЕ ОБЪЕДИНЕНИЕ РУССКАЯ РЕСПУБЛИКА РУСЬ
220,МЕЖРЕГИОНАЛЬНОЕ ОБЩЕСТВЕННОЕ ОБЪЕДИНЕНИЕ СЕВЕРНОЕ БРАТСТВО
221,МЕЖРЕГИОНАЛЬНОЕ ОБЩЕСТВЕННОЕ ОБЪЕДИНЕНИЕ СОЮЗ СЛАВЯНСКИХ СИЛ РУСИ  (СОЮЗ СОВЕТСКИХ СОЦИАЛИСТИЧЕСКИХ РЕСПУБЛИК; СССР)
222,МЕЖРЕГИОНАЛЬНОЕ ОБЩЕСТВЕННОЕ ОБЪЕДИНЕНИЕ ФОРМАТ-18
223,МЕЖРЕГИОНАЛЬНОЕ ОБЩЕСТВЕННОЕ ОБЪЕДИНЕНИЕ ЭТНОПОЛИТИЧЕСКОЕ ОБЪЕДИНЕНИЕ РУССКИЕ
224,МЕЖРЕГИОНАЛЬНОЕ ОБЪЕДИНЕНИЕ МУЖСКОЕ ГОСУДАРСТВО
225,МЕЖРЕГИОНАЛЬНОЕ ОБЪЕДИНЕНИЕ РУССКИЙ ОБЩЕНАЦИОНАЛЬНЫЙ СОЮЗ
226,МЕСТНАЯ ОБЩЕСТВЕННАЯ ОРГАНИЗАЦИЯ НАЦИОНАЛЬНАЯ СОЦИАЛИСТИЧЕСКАЯ ИНИЦИАТИВА ГОРОДА ЧЕРЕПОВЦА
227,МЕСТНАЯ ОРГАНИЗАЦИЯ ГОРОДА КРАСНОДАРА ПИТ БУЛЬ (PIT BULL)
228,"МЕСТНАЯ РЕЛИГИОЗНАЯ ОPГАНИЗАЦИЯ СВИДЕТЕЛЕЙ ИЕГОВЫ В Г.ЗАИНСКЕ ""УПPАВЛЕНЧЕСКОГО ЦЕНТPА СВИДЕТЕЛЕЙ ИЕГОВЫ В РОССИИ"""
229,МЕСТНАЯ РЕЛИГИОЗНАЯ ОРГАНИЗАЦИЯ АСГАРДСКАЯ СЛАВЯНСКАЯ ОБЩИНА ДУХОВНОГО УПРАВЛЕНИЯ АСГАРДСКОЙ ВЕСИ БЕЛОВОДЬЯ ДРЕВНЕРУССКОЙ ИНГЛИИСТИЧЕСКОЙ ЦЕРКВИ ПРАВОСЛАВНЫХ СТАРОВЕРОВ-ИНГЛИНГОВ   ОГРН: 1035500001569;
230,МЕСТНАЯ РЕЛИГИОЗНАЯ ОРГАНИЗАЦИЯ МУСУЛЬМАНСКАЯ РЕЛИГИОЗНАЯ ОРГАНИЗАЦИЯ П. БОРОВСКИЙ ТЮМЕНСКОГО РАЙОНА ТЮМЕНСКОЙ ОБЛАСТИ
231,"МЕСТНАЯ РЕЛИГИОЗНАЯ ОРГАНИЗАЦИЯ СВИДЕТЕЛЕЙ ИЕГОВЫ ""АДЛЕР"""
232,МЕСТНАЯ РЕЛИГИОЗНАЯ ОРГАНИЗАЦИЯ СВИДЕТЕЛЕЙ ИЕГОВЫ АЗОВСКОГО РАЙОНА
233,"МЕСТНАЯ РЕЛИГИОЗНАЯ ОРГАНИЗАЦИЯ СВИДЕТЕЛЕЙ ИЕГОВЫ ""АЛЕЙСК"""
234,"МЕСТНАЯ РЕЛИГИОЗНАЯ ОРГАНИЗАЦИЯ СВИДЕТЕЛЕЙ ИЕГОВЫ ""АНГАРСК"""
235,"МЕСТНАЯ РЕЛИГИОЗНАЯ ОРГАНИЗАЦИЯ СВИДЕТЕЛЕЙ ИЕГОВЫ ""АПАТИТЫ"""
236,"МЕСТНАЯ РЕЛИГИОЗНАЯ ОРГАНИЗАЦИЯ СВИДЕТЕЛЕЙ ИЕГОВЫ ""АРБЕКОВО ПЕНЗА"""
237,МЕСТНАЯ РЕЛИГИОЗНАЯ ОРГАНИЗАЦИЯ СВИДЕТЕЛЕЙ ИЕГОВЫ БАЛАШИХИНСКОГО РАЙОНА
238,"МЕСТНАЯ РЕЛИГИОЗНАЯ ОРГАНИЗАЦИЯ СВИДЕТЕЛЕЙ ИЕГОВЫ ""БАЛТИЙСКОЕ"""
239,"МЕСТНАЯ РЕЛИГИОЗНАЯ ОРГАНИЗАЦИЯ СВИДЕТЕЛЕЙ ИЕГОВЫ ""БАРНАУЛ"""
240,МЕСТНАЯ РЕЛИГИОЗНАЯ ОРГАНИЗАЦИЯ СВИДЕТЕЛЕЙ ИЕГОВЫ БЕРЕЗОВСКИЙ
241,"МЕСТНАЯ РЕЛИГИОЗНАЯ ОРГАНИЗАЦИЯ СВИДЕТЕЛЕЙ ИЕГОВЫ ""БИЙСК"""
242,"МЕСТНАЯ РЕЛИГИОЗНАЯ ОРГАНИЗАЦИЯ СВИДЕТЕЛЕЙ ИЕГОВЫ ""БРАТСК"""
243,"МЕСТНАЯ РЕЛИГИОЗНАЯ ОРГАНИЗАЦИЯ СВИДЕТЕЛЕЙ ИЕГОВЫ ""БРЯНСК"""
244,МЕСТНАЯ РЕЛИГИОЗНАЯ ОРГАНИЗАЦИЯ СВИДЕТЕЛЕЙ ИЕГОВЫ В Г. АСИНО
245,МЕСТНАЯ РЕЛИГИОЗНАЯ ОРГАНИЗАЦИЯ СВИДЕТЕЛЕЙ ИЕГОВЫ В Г. БИРОБИДЖАНЕ
246,МЕСТНАЯ РЕЛИГИОЗНАЯ ОРГАНИЗАЦИЯ СВИДЕТЕЛЕЙ ИЕГОВЫ В Г. БОЛЬШОЙ КАМЕНЬ
247,МЕСТНАЯ РЕЛИГИОЗНАЯ ОРГАНИЗАЦИЯ СВИДЕТЕЛЕЙ ИЕГОВЫ В Г. ВЛАДИВОСТОКЕ
248,МЕСТНАЯ РЕЛИГИОЗНАЯ ОРГАНИЗАЦИЯ СВИДЕТЕЛЕЙ ИЕГОВЫ В Г. ВОЛГОГРАДЕ КРАСНООКТЯБРЬСКОГО РАЙОНА
249,МЕСТНАЯ РЕЛИГИОЗНАЯ ОРГАНИЗАЦИЯ СВИДЕТЕЛЕЙ ИЕГОВЫ В Г. ВОЛГОДОНСКЕ
250,МЕСТНАЯ РЕЛИГИОЗНАЯ ОРГАНИЗАЦИЯ СВИДЕТЕЛЕЙ ИЕГОВЫ В Г. ВОРКУТЕ
251,МЕСТНАЯ РЕЛИГИОЗНАЯ ОРГАНИЗАЦИЯ СВИДЕТЕЛЕЙ ИЕГОВЫ В Г. ГЕОРГИЕВСКЕ
252,МЕСТНАЯ РЕЛИГИОЗНАЯ ОРГАНИЗАЦИЯ СВИДЕТЕЛЕЙ ИЕГОВЫ В Г. ДАЛЬНЕРЕЧЕНСК
253,МЕСТНАЯ РЕЛИГИОЗНАЯ ОРГАНИЗАЦИЯ СВИДЕТЕЛЕЙ ИЕГОВЫ В Г. ДОНЕЦКЕ
254,МЕСТНАЯ РЕЛИГИОЗНАЯ ОРГАНИЗАЦИЯ СВИДЕТЕЛЕЙ ИЕГОВЫ В Г. ЕКАТЕРИНБУРГЕ
255,МЕСТНАЯ РЕЛИГИОЗНАЯ ОРГАНИЗАЦИЯ СВИДЕТЕЛЕЙ ИЕГОВЫ В Г. ЕЛИЗОВО
256,МЕСТНАЯ РЕЛИГИОЗНАЯ ОРГАНИЗАЦИЯ СВИДЕТЕЛЕЙ ИЕГОВЫ В Г. ЕССЕНТУКИ
257,МЕСТНАЯ РЕЛИГИОЗНАЯ ОРГАНИЗАЦИЯ СВИДЕТЕЛЕЙ ИЕГОВЫ В Г. ЖЕЛЕЗНОГОРСК
258,МЕСТНАЯ РЕЛИГИОЗНАЯ ОРГАНИЗАЦИЯ СВИДЕТЕЛЕЙ ИЕГОВЫ В Г. ЗВЕРЕВО
259,МЕСТНАЯ РЕЛИГИОЗНАЯ ОРГАНИЗАЦИЯ СВИДЕТЕЛЕЙ ИЕГОВЫ В Г. ЗЕЛЕНОКУМСКЕ
260,МЕСТНАЯ РЕЛИГИОЗНАЯ ОРГАНИЗАЦИЯ СВИДЕТЕЛЕЙ ИЕГОВЫ В Г. ЗЕЯ
261,МЕСТНАЯ РЕЛИГИОЗНАЯ ОРГАНИЗАЦИЯ СВИДЕТЕЛЕЙ ИЕГОВЫ В Г. ИЖЕВСКЕ
262,МЕСТНАЯ РЕЛИГИОЗНАЯ ОРГАНИЗАЦИЯ СВИДЕТЕЛЕЙ ИЕГОВЫ В Г. ИСКИТИМЕ И ИСКИТИМСКОМ РАЙОНЕ
263,МЕСТНАЯ РЕЛИГИОЗНАЯ ОРГАНИЗАЦИЯ СВИДЕТЕЛЕЙ ИЕГОВЫ В Г. КАНДАЛАКША
264,МЕСТНАЯ РЕЛИГИОЗНАЯ ОРГАНИЗАЦИЯ СВИДЕТЕЛЕЙ ИЕГОВЫ В Г. КИРОВЕ
265,МЕСТНАЯ РЕЛИГИОЗНАЯ ОРГАНИЗАЦИЯ СВИДЕТЕЛЕЙ ИЕГОВЫ В Г. КОВРОВЕ ВЛАДИМИРСКОЙ ОБЛАСТИ
266,МЕСТНАЯ РЕЛИГИОЗНАЯ ОРГАНИЗАЦИЯ СВИДЕТЕЛЕЙ ИЕГОВЫ В Г. КОГАЛЫМЕ
267,МЕСТНАЯ РЕЛИГИОЗНАЯ ОРГАНИЗАЦИЯ СВИДЕТЕЛЕЙ ИЕГОВЫ В Г. КОХМА
268,МЕСТНАЯ РЕЛИГИОЗНАЯ ОРГАНИЗАЦИЯ СВИДЕТЕЛЕЙ ИЕГОВЫ В Г. КРАСНОДАРЕ
269,МЕСТНАЯ РЕЛИГИОЗНАЯ ОРГАНИЗАЦИЯ СВИДЕТЕЛЕЙ ИЕГОВЫ В Г. КРОПОТКИНЕ
270,МЕСТНАЯ РЕЛИГИОЗНАЯ ОРГАНИЗАЦИЯ СВИДЕТЕЛЕЙ ИЕГОВЫ В Г. ЛЕСОСИБИРСКЕ
271,МЕСТНАЯ РЕЛИГИОЗНАЯ ОРГАНИЗАЦИЯ СВИДЕТЕЛЕЙ ИЕГОВЫ В Г. МИАССЕ
272,МЕСТНАЯ РЕЛИГИОЗНАЯ ОРГАНИЗАЦИЯ СВИДЕТЕЛЕЙ ИЕГОВЫ В Г. НАЗАРОВО
273,МЕСТНАЯ РЕЛИГИОЗНАЯ ОРГАНИЗАЦИЯ СВИДЕТЕЛЕЙ ИЕГОВЫ В Г. НИЖНЯЯ ТУРА
274,МЕСТНАЯ РЕЛИГИОЗНАЯ ОРГАНИЗАЦИЯ СВИДЕТЕЛЕЙ ИЕГОВЫ В Г. НОВОЧЕРКАССКЕ
275,МЕСТНАЯ РЕЛИГИОЗНАЯ ОРГАНИЗАЦИЯ СВИДЕТЕЛЕЙ ИЕГОВЫ В Г. САРАПУЛЕ
276,МЕСТНАЯ РЕЛИГИОЗНАЯ ОРГАНИЗАЦИЯ СВИДЕТЕЛЕЙ ИЕГОВЫ В Г. САРАТОВЕ
277,МЕСТНАЯ РЕЛИГИОЗНАЯ ОРГАНИЗАЦИЯ СВИДЕТЕЛЕЙ ИЕГОВЫ В Г. СЕВЕРОДВИНСКЕ
278,МЕСТНАЯ РЕЛИГИОЗНАЯ ОРГАНИЗАЦИЯ СВИДЕТЕЛЕЙ ИЕГОВЫ В Г. СЛАНЦЫ
279,МЕСТНАЯ РЕЛИГИОЗНАЯ ОРГАНИЗАЦИЯ СВИДЕТЕЛЕЙ ИЕГОВЫ В Г. СОРТАВАЛА
280,МЕСТНАЯ РЕЛИГИОЗНАЯ ОРГАНИЗАЦИЯ СВИДЕТЕЛЕЙ ИЕГОВЫ В Г. СУРГУТЕ
281,МЕСТНАЯ РЕЛИГИОЗНАЯ ОРГАНИЗАЦИЯ СВИДЕТЕЛЕЙ ИЕГОВЫ В Г. ТУТАЕВ
282,МЕСТНАЯ РЕЛИГИОЗНАЯ ОРГАНИЗАЦИЯ СВИДЕТЕЛЕЙ ИЕГОВЫ В Г. УСТЬ - КУТ
283,МЕСТНАЯ РЕЛИГИОЗНАЯ ОРГАНИЗАЦИЯ СВИДЕТЕЛЕЙ ИЕГОВЫ В Г. ЦИМЛЯНСКЕ
284,МЕСТНАЯ РЕЛИГИОЗНАЯ ОРГАНИЗАЦИЯ СВИДЕТЕЛЕЙ ИЕГОВЫ В Г. ЧАЙКОВСКОМ
285,МЕСТНАЯ РЕЛИГИОЗНАЯ ОРГАНИЗАЦИЯ СВИДЕТЕЛЕЙ ИЕГОВЫ В Г. ЧАПАЕВСКЕ
286,МЕСТНАЯ РЕЛИГИОЗНАЯ ОРГАНИЗАЦИЯ СВИДЕТЕЛЕЙ ИЕГОВЫ В Г. ЧЕРНОГОРСКЕ
287,МЕСТНАЯ РЕЛИГИОЗНАЯ ОРГАНИЗАЦИЯ СВИДЕТЕЛЕЙ ИЕГОВЫ В Г. ЯСНЫЙ
288,МЕСТНАЯ РЕЛИГИОЗНАЯ ОРГАНИЗАЦИЯ СВИДЕТЕЛЕЙ ИЕГОВЫ В Г.БАЛАКОВО САРАТОВСКОЙ ОБЛАСТИ
289,МЕСТНАЯ РЕЛИГИОЗНАЯ ОРГАНИЗАЦИЯ СВИДЕТЕЛЕЙ ИЕГОВЫ В Г.БЕЛАЯ КАЛИТВА
290,МЕСТНАЯ РЕЛИГИОЗНАЯ ОРГАНИЗАЦИЯ СВИДЕТЕЛЕЙ ИЕГОВЫ В Г.БЛАГОДАРНОМ
291,МЕСТНАЯ РЕЛИГИОЗНАЯ ОРГАНИЗАЦИЯ СВИДЕТЕЛЕЙ ИЕГОВЫ В Г.БОРИСОГЛЕБСКЕ ВОРОНЕЖСКОЙ ОБЛАСТИ
292,МЕСТНАЯ РЕЛИГИОЗНАЯ ОРГАНИЗАЦИЯ СВИДЕТЕЛЕЙ ИЕГОВЫ В Г.БУДЕННОВСКЕ
293,МЕСТНАЯ РЕЛИГИОЗНАЯ ОРГАНИЗАЦИЯ СВИДЕТЕЛЕЙ ИЕГОВЫ В Г.БУЗУЛУКЕ
294,МЕСТНАЯ РЕЛИГИОЗНАЯ ОРГАНИЗАЦИЯ СВИДЕТЕЛЕЙ ИЕГОВЫ В Г.ВИЧУГА
295,МЕСТНАЯ РЕЛИГИОЗНАЯ ОРГАНИЗАЦИЯ СВИДЕТЕЛЕЙ ИЕГОВЫ В Г.ВОЛЖСКОМ ВОЛГОГРАДСКОЙ ОБЛАСТИ
296,МЕСТНАЯ РЕЛИГИОЗНАЯ ОРГАНИЗАЦИЯ СВИДЕТЕЛЕЙ ИЕГОВЫ В Г.ГЛАЗОВЕ
297,МЕСТНАЯ РЕЛИГИОЗНАЯ ОРГАНИЗАЦИЯ СВИДЕТЕЛЕЙ ИЕГОВЫ В Г.ДИМИТРОВГРАДЕ
298,МЕСТНАЯ РЕЛИГИОЗНАЯ ОРГАНИЗАЦИЯ СВИДЕТЕЛЕЙ ИЕГОВЫ В Г.ДУДИНКА
299,МЕСТНАЯ РЕЛИГИОЗНАЯ ОРГАНИЗАЦИЯ СВИДЕТЕЛЕЙ ИЕГОВЫ В Г.ЗАРЕЧНОМ
300,МЕСТНАЯ РЕЛИГИОЗНАЯ ОРГАНИЗАЦИЯ СВИДЕТЕЛЕЙ ИЕГОВЫ В Г.ИВАНОВО
301,МЕСТНАЯ РЕЛИГИОЗНАЯ ОРГАНИЗАЦИЯ СВИДЕТЕЛЕЙ ИЕГОВЫ В Г.КАЛАЧЕ ВОРОНЕЖСКОЙ ОБЛАСТИ
302,МЕСТНАЯ РЕЛИГИОЗНАЯ ОРГАНИЗАЦИЯ СВИДЕТЕЛЕЙ ИЕГОВЫ В Г.КАЛУГА
303,МЕСТНАЯ РЕЛИГИОЗНАЯ ОРГАНИЗАЦИЯ СВИДЕТЕЛЕЙ ИЕГОВЫ В Г.КАМЫШИНЕ ВОЛГОГРАДСКОЙ ОБЛАСТИ
304,МЕСТНАЯ РЕЛИГИОЗНАЯ ОРГАНИЗАЦИЯ СВИДЕТЕЛЕЙ ИЕГОВЫ В Г.КИНЕШМА
305,МЕСТНАЯ РЕЛИГИОЗНАЯ ОРГАНИЗАЦИЯ СВИДЕТЕЛЕЙ ИЕГОВЫ В Г.КРАСНОТУРЬИНСКЕ
306,МЕСТНАЯ РЕЛИГИОЗНАЯ ОРГАНИЗАЦИЯ СВИДЕТЕЛЕЙ ИЕГОВЫ В Г.КУРГАНЕ
307,МЕСТНАЯ РЕЛИГИОЗНАЯ ОРГАНИЗАЦИЯ СВИДЕТЕЛЕЙ ИЕГОВЫ В Г.ЛЫСЬВА
308,МЕСТНАЯ РЕЛИГИОЗНАЯ ОРГАНИЗАЦИЯ СВИДЕТЕЛЕЙ ИЕГОВЫ В Г.МАЙКОПЕ
309,МЕСТНАЯ РЕЛИГИОЗНАЯ ОРГАНИЗАЦИЯ СВИДЕТЕЛЕЙ ИЕГОВЫ В Г.НЕВИННОМЫССКЕ
310,МЕСТНАЯ РЕЛИГИОЗНАЯ ОРГАНИЗАЦИЯ СВИДЕТЕЛЕЙ ИЕГОВЫ В Г.НИЖНЕВАРТОВСКЕ
311,МЕСТНАЯ РЕЛИГИОЗНАЯ ОРГАНИЗАЦИЯ СВИДЕТЕЛЕЙ ИЕГОВЫ В ГОРОДЕ ВЛАДИМИР
312,МЕСТНАЯ РЕЛИГИОЗНАЯ ОРГАНИЗАЦИЯ СВИДЕТЕЛЕЙ ИЕГОВЫ В ГОРОДЕ РАДУЖНЫЙ
313,МЕСТНАЯ РЕЛИГИОЗНАЯ ОРГАНИЗАЦИЯ СВИДЕТЕЛЕЙ ИЕГОВЫ В Г.ПЕРМИ
314,МЕСТНАЯ РЕЛИГИОЗНАЯ ОРГАНИЗАЦИЯ СВИДЕТЕЛЕЙ ИЕГОВЫ В Г.ПЯТИГОРСКЕ
315,МЕСТНАЯ РЕЛИГИОЗНАЯ ОРГАНИЗАЦИЯ СВИДЕТЕЛЕЙ ИЕГОВЫ В Г.СВЕТЛОГРАДЕ
316,МЕСТНАЯ РЕЛИГИОЗНАЯ ОРГАНИЗАЦИЯ СВИДЕТЕЛЕЙ ИЕГОВЫ В Г.СМОЛЕНСК
317,МЕСТНАЯ РЕЛИГИОЗНАЯ ОРГАНИЗАЦИЯ СВИДЕТЕЛЕЙ ИЕГОВЫ В Г.СОВЕТСКЕ КАЛИНИНГРАДСКОЙ ОБЛАСТИ
318,МЕСТНАЯ РЕЛИГИОЗНАЯ ОРГАНИЗАЦИЯ СВИДЕТЕЛЕЙ ИЕГОВЫ В Г.СОЛИКАМСКЕ
319,МЕСТНАЯ РЕЛИГИОЗНАЯ ОРГАНИЗАЦИЯ СВИДЕТЕЛЕЙ ИЕГОВЫ В Г.ТЕЙКОВО
320,МЕСТНАЯ РЕЛИГИОЗНАЯ ОРГАНИЗАЦИЯ СВИДЕТЕЛЕЙ ИЕГОВЫ В Г.ТИХОРЕЦКЕ
321,МЕСТНАЯ РЕЛИГИОЗНАЯ ОРГАНИЗАЦИЯ СВИДЕТЕЛЕЙ ИЕГОВЫ В Г.УЧАЛЫ
322,МЕСТНАЯ РЕЛИГИОЗНАЯ ОРГАНИЗАЦИЯ СВИДЕТЕЛЕЙ ИЕГОВЫ В Г.ШАРЬЯ КОСТРОМСКОЙ ОБЛАСТИ
323,МЕСТНАЯ РЕЛИГИОЗНАЯ ОРГАНИЗАЦИЯ СВИДЕТЕЛЕЙ ИЕГОВЫ В Г.ШАХТЫ  (МЕСТНАЯ РЕЛИГИОЗНАЯ ОРГАНИЗАЦИЯ СВИДЕТЕЛЕЙ ИЕГОВЫ В Г. ШАХТЫ)
324,МЕСТНАЯ РЕЛИГИОЗНАЯ ОРГАНИЗАЦИЯ СВИДЕТЕЛЕЙ ИЕГОВЫ В ЛИСКИНСКОМ РАЙОНЕ ВОРОНЕЖСКОЙ ОБЛАСТИ
325,МЕСТНАЯ РЕЛИГИОЗНАЯ ОРГАНИЗАЦИЯ СВИДЕТЕЛЕЙ ИЕГОВЫ В МОСКВЕ
326,МЕСТНАЯ РЕЛИГИОЗНАЯ ОРГАНИЗАЦИЯ СВИДЕТЕЛЕЙ ИЕГОВЫ В П. ИГРА
327,МЕСТНАЯ РЕЛИГИОЗНАЯ ОРГАНИЗАЦИЯ СВИДЕТЕЛЕЙ ИЕГОВЫ В ПАДУНСКОМ ОКРУГЕ Г. БРАТСКА
328,МЕСТНАЯ РЕЛИГИОЗНАЯ ОРГАНИЗАЦИЯ СВИДЕТЕЛЕЙ ИЕГОВЫ В ПОС. ПРИЮТОВО БЕЛЕБЕЕВСКОГО РАЙОНА РЕСПУБЛИКИ БАШКОРТОСТАН
329,МЕСТНАЯ РЕЛИГИОЗНАЯ ОРГАНИЗАЦИЯ СВИДЕТЕЛЕЙ ИЕГОВЫ В ПОСЕЛКЕ ЛАЗАРЕВСКОЕ
330,МЕСТНАЯ РЕЛИГИОЗНАЯ ОРГАНИЗАЦИЯ СВИДЕТЕЛЕЙ ИЕГОВЫ В Р. П. СВЕТЛЫЙ ЯР ВОЛГОГРАДСКОЙ ОБЛАСТИ
331,"МЕСТНАЯ РЕЛИГИОЗНАЯ ОРГАНИЗАЦИЯ СВИДЕТЕЛЕЙ ИЕГОВЫ В РОССИИ ""ЦЕНТРАЛЬНАЯ СТАВРОПОЛЬ"""
332,МЕСТНАЯ РЕЛИГИОЗНАЯ ОРГАНИЗАЦИЯ СВИДЕТЕЛЕЙ ИЕГОВЫ В Р.П. ТАЛЬМЕНКА
333,МЕСТНАЯ РЕЛИГИОЗНАЯ ОРГАНИЗАЦИЯ СВИДЕТЕЛЕЙ ИЕГОВЫ В С. БЕЛЬТИРСКОЕ
334,МЕСТНАЯ РЕЛИГИОЗНАЯ ОРГАНИЗАЦИЯ СВИДЕТЕЛЕЙ ИЕГОВЫ В С. ИВАНОВСКОМ КОЧУБЕЕВСКОГО РАЙОНА СТАВРОПОЛЬСКОГО КРАЯ
335,МЕСТНАЯ РЕЛИГИОЗНАЯ ОРГАНИЗАЦИЯ СВИДЕТЕЛЕЙ ИЕГОВЫ ВАЛУЙСКОГО РАЙОНА БЕЛГОРОДСКОЙ ОБЛАСТИ
336,"МЕСТНАЯ РЕЛИГИОЗНАЯ ОРГАНИЗАЦИЯ СВИДЕТЕЛЕЙ ИЕГОВЫ ""ВЕЛИКИЕ ЛУКИ"""
337,"МЕСТНАЯ РЕЛИГИОЗНАЯ ОРГАНИЗАЦИЯ СВИДЕТЕЛЕЙ ИЕГОВЫ ""ВИЛЮЧИНСК"""
338,"МЕСТНАЯ РЕЛИГИОЗНАЯ ОРГАНИЗАЦИЯ СВИДЕТЕЛЕЙ ИЕГОВЫ ""ВИХОРЕВКА"""
339,"МЕСТНАЯ РЕЛИГИОЗНАЯ ОРГАНИЗАЦИЯ СВИДЕТЕЛЕЙ ИЕГОВЫ ""ВОЛОГДА"""
340,МЕСТНАЯ РЕЛИГИОЗНАЯ ОРГАНИЗАЦИЯ СВИДЕТЕЛЕЙ ИЕГОВЫ ВОСКРЕСЕНСКОГО РАЙОНА
341,МЕСТНАЯ РЕЛИГИОЗНАЯ ОРГАНИЗАЦИЯ СВИДЕТЕЛЕЙ ИЕГОВЫ Г. АБАЗА
342,МЕСТНАЯ РЕЛИГИОЗНАЯ ОРГАНИЗАЦИЯ СВИДЕТЕЛЕЙ ИЕГОВЫ Г. АБИНСКА
343,МЕСТНАЯ РЕЛИГИОЗНАЯ ОРГАНИЗАЦИЯ СВИДЕТЕЛЕЙ ИЕГОВЫ Г. АДЫГЕЙСКА
344,МЕСТНАЯ РЕЛИГИОЗНАЯ ОРГАНИЗАЦИЯ СВИДЕТЕЛЕЙ ИЕГОВЫ Г. АНЖЕРО-СУДЖЕНСКА
345,МЕСТНАЯ РЕЛИГИОЗНАЯ ОРГАНИЗАЦИЯ СВИДЕТЕЛЕЙ ИЕГОВЫ Г. АПШЕРОНСКА
346,МЕСТНАЯ РЕЛИГИОЗНАЯ ОРГАНИЗАЦИЯ СВИДЕТЕЛЕЙ ИЕГОВЫ Г. АРМАВИРА
347,МЕСТНАЯ РЕЛИГИОЗНАЯ ОРГАНИЗАЦИЯ СВИДЕТЕЛЕЙ ИЕГОВЫ Г. АРМЯНСКА
348,МЕСТНАЯ РЕЛИГИОЗНАЯ ОРГАНИЗАЦИЯ СВИДЕТЕЛЕЙ ИЕГОВЫ Г. АРСЕНЬЕВА
349,МЕСТНАЯ РЕЛИГИОЗНАЯ ОРГАНИЗАЦИЯ СВИДЕТЕЛЕЙ ИЕГОВЫ Г. АРТЕМА
350,МЕСТНАЯ РЕЛИГИОЗНАЯ ОРГАНИЗАЦИЯ СВИДЕТЕЛЕЙ ИЕГОВЫ Г. АСТРАХАНИ
351,МЕСТНАЯ РЕЛИГИОЗНАЯ ОРГАНИЗАЦИЯ СВИДЕТЕЛЕЙ ИЕГОВЫ Г. АЧИНСКА
352,МЕСТНАЯ РЕЛИГИОЗНАЯ ОРГАНИЗАЦИЯ СВИДЕТЕЛЕЙ ИЕГОВЫ Г. БАЛАШОВА САРАТОВСКОЙ ОБЛАСТИ
353,МЕСТНАЯ РЕЛИГИОЗНАЯ ОРГАНИЗАЦИЯ СВИДЕТЕЛЕЙ ИЕГОВЫ Г. БЕЛОГОРСКА
354,МЕСТНАЯ РЕЛИГИОЗНАЯ ОРГАНИЗАЦИЯ СВИДЕТЕЛЕЙ ИЕГОВЫ Г. БЕЛОРЕЧЕНСКА
355,МЕСТНАЯ РЕЛИГИОЗНАЯ ОРГАНИЗАЦИЯ СВИДЕТЕЛЕЙ ИЕГОВЫ Г. БИРЮСИНСКА
356,МЕСТНАЯ РЕЛИГИОЗНАЯ ОРГАНИЗАЦИЯ СВИДЕТЕЛЕЙ ИЕГОВЫ Г. ВЕРХНЯЯ ПЫШМА
357,МЕСТНАЯ РЕЛИГИОЗНАЯ ОРГАНИЗАЦИЯ СВИДЕТЕЛЕЙ ИЕГОВЫ Г. ВОЛОКОЛАМСКА
358,МЕСТНАЯ РЕЛИГИОЗНАЯ ОРГАНИЗАЦИЯ СВИДЕТЕЛЕЙ ИЕГОВЫ Г. ВОЛЬСКА САРАТОВСКОЙ ОБЛАСТИ
359,МЕСТНАЯ РЕЛИГИОЗНАЯ ОРГАНИЗАЦИЯ СВИДЕТЕЛЕЙ ИЕГОВЫ Г. ВОТКИНСКА
360,МЕСТНАЯ РЕЛИГИОЗНАЯ ОРГАНИЗАЦИЯ СВИДЕТЕЛЕЙ ИЕГОВЫ Г. ВЫБОРГА
361,МЕСТНАЯ РЕЛИГИОЗНАЯ ОРГАНИЗАЦИЯ СВИДЕТЕЛЕЙ ИЕГОВЫ Г. ГОРЯЧИЙ КЛЮЧ
362,МЕСТНАЯ РЕЛИГИОЗНАЯ ОРГАНИЗАЦИЯ СВИДЕТЕЛЕЙ ИЕГОВЫ Г. ГУЛЬКЕВИЧИ
363,МЕСТНАЯ РЕЛИГИОЗНАЯ ОРГАНИЗАЦИЯ СВИДЕТЕЛЕЙ ИЕГОВЫ Г. ГУРЬЕВСКА
364,МЕСТНАЯ РЕЛИГИОЗНАЯ ОРГАНИЗАЦИЯ СВИДЕТЕЛЕЙ ИЕГОВЫ Г. ГУСИНООЗЕРСКА
365,МЕСТНАЯ РЕЛИГИОЗНАЯ ОРГАНИЗАЦИЯ СВИДЕТЕЛЕЙ ИЕГОВЫ Г. ДЖАНКОЙ
366,МЕСТНАЯ РЕЛИГИОЗНАЯ ОРГАНИЗАЦИЯ СВИДЕТЕЛЕЙ ИЕГОВЫ Г. ДЗЕРЖИНСКА НИЖЕГОРОДСКОЙ ОБЛАСТИ
367,МЕСТНАЯ РЕЛИГИОЗНАЯ ОРГАНИЗАЦИЯ СВИДЕТЕЛЕЙ ИЕГОВЫ Г. ДОРОГОБУЖ
368,МЕСТНАЯ РЕЛИГИОЗНАЯ ОРГАНИЗАЦИЯ СВИДЕТЕЛЕЙ ИЕГОВЫ Г. ЖЕЛЕЗНОВОДСКА
369,МЕСТНАЯ РЕЛИГИОЗНАЯ ОРГАНИЗАЦИЯ СВИДЕТЕЛЕЙ ИЕГОВЫ Г. ЖЕЛЕЗНОГОРСК-ИЛИМСКИЙ
370,МЕСТНАЯ РЕЛИГИОЗНАЯ ОРГАНИЗАЦИЯ СВИДЕТЕЛЕЙ ИЕГОВЫ Г. ЗЕЛЕНОГОРСКА
371,МЕСТНАЯ РЕЛИГИОЗНАЯ ОРГАНИЗАЦИЯ СВИДЕТЕЛЕЙ ИЕГОВЫ Г. ЗИМА
372,МЕСТНАЯ РЕЛИГИОЗНАЯ ОРГАНИЗАЦИЯ СВИДЕТЕЛЕЙ ИЕГОВЫ Г. ИНТА
373,"МЕСТНАЯ РЕЛИГИОЗНАЯ ОРГАНИЗАЦИЯ СВИДЕТЕЛЕЙ ИЕГОВЫ Г. КАЗАНИ ""УПРАВЛЕНЧЕСКОГО ЦЕНТРА СВИДЕТЕЛЕЙ ИЕГОВЫ В РОССИИ"""
374,МЕСТНАЯ РЕЛИГИОЗНАЯ ОРГАНИЗАЦИЯ СВИДЕТЕЛЕЙ ИЕГОВЫ Г. КАМЕНСК-ШАХТИНСКИЙ
375,МЕСТНАЯ РЕЛИГИОЗНАЯ ОРГАНИЗАЦИЯ СВИДЕТЕЛЕЙ ИЕГОВЫ Г. КЕРЧЬ
376,МЕСТНАЯ РЕЛИГИОЗНАЯ ОРГАНИЗАЦИЯ СВИДЕТЕЛЕЙ ИЕГОВЫ Г. КИЗЛЯР
377,МЕСТНАЯ РЕЛИГИОЗНАЯ ОРГАНИЗАЦИЯ СВИДЕТЕЛЕЙ ИЕГОВЫ Г. КИРИШИ
378,МЕСТНАЯ РЕЛИГИОЗНАЯ ОРГАНИЗАЦИЯ СВИДЕТЕЛЕЙ ИЕГОВЫ Г. КИСЕЛЕВСКА
379,МЕСТНАЯ РЕЛИГИОЗНАЯ ОРГАНИЗАЦИЯ СВИДЕТЕЛЕЙ ИЕГОВЫ Г. КИСЛОВОДСКА
380,МЕСТНАЯ РЕЛИГИОЗНАЯ ОРГАНИЗАЦИЯ СВИДЕТЕЛЕЙ ИЕГОВЫ Г. КОРЕНОВСКА
381,МЕСТНАЯ РЕЛИГИОЗНАЯ ОРГАНИЗАЦИЯ СВИДЕТЕЛЕЙ ИЕГОВЫ Г. КОТЕЛЬНИКОВО ВОЛГОГРАДСКОЙ ОБЛАСТИ
382,МЕСТНАЯ РЕЛИГИОЗНАЯ ОРГАНИЗАЦИЯ СВИДЕТЕЛЕЙ ИЕГОВЫ Г. КОТЛАС
383,МЕСТНАЯ РЕЛИГИОЗНАЯ ОРГАНИЗАЦИЯ СВИДЕТЕЛЕЙ ИЕГОВЫ Г. КРАСНОАРМЕЙСКА САРАТОВСКОЙ ОБЛАСТИ
384,МЕСТНАЯ РЕЛИГИОЗНАЯ ОРГАНИЗАЦИЯ СВИДЕТЕЛЕЙ ИЕГОВЫ Г. КРАСНОПЕРЕКОПСКА
385,МЕСТНАЯ РЕЛИГИОЗНАЯ ОРГАНИЗАЦИЯ СВИДЕТЕЛЕЙ ИЕГОВЫ Г. КРЫМСКА
386,МЕСТНАЯ РЕЛИГИОЗНАЯ ОРГАНИЗАЦИЯ СВИДЕТЕЛЕЙ ИЕГОВЫ Г. ЛАБИНСКА
387,МЕСТНАЯ РЕЛИГИОЗНАЯ ОРГАНИЗАЦИЯ СВИДЕТЕЛЕЙ ИЕГОВЫ Г. ЛЕНИНСКА ВОЛГОГРАДСКОЙ ОБЛАСТИ
388,МЕСТНАЯ РЕЛИГИОЗНАЯ ОРГАНИЗАЦИЯ СВИДЕТЕЛЕЙ ИЕГОВЫ Г. ЛЕСОЗАВОДСКА
389,МЕСТНАЯ РЕЛИГИОЗНАЯ ОРГАНИЗАЦИЯ СВИДЕТЕЛЕЙ ИЕГОВЫ Г. МИЛЛЕРОВО
390,МЕСТНАЯ РЕЛИГИОЗНАЯ ОРГАНИЗАЦИЯ СВИДЕТЕЛЕЙ ИЕГОВЫ Г. МИНУСИНСКА
391,МЕСТНАЯ РЕЛИГИОЗНАЯ ОРГАНИЗАЦИЯ СВИДЕТЕЛЕЙ ИЕГОВЫ Г. МИХАЙЛОВКИ ВОЛГОГРАДСКОЙ ОБЛАСТИ
392,МЕСТНАЯ РЕЛИГИОЗНАЯ ОРГАНИЗАЦИЯ СВИДЕТЕЛЕЙ ИЕГОВЫ Г. МОНЧЕГОРСКА
393,"МЕСТНАЯ РЕЛИГИОЗНАЯ ОРГАНИЗАЦИЯ СВИДЕТЕЛЕЙ ИЕГОВЫ Г. НАБЕРЕЖНЫЕ ЧЕЛНЫ ""УПРАВЛЕНЧЕСКОГО ЦЕНТРА СВИДЕТЕЛЕЙ ИЕГОВЫ В РОССИИ"""
394,МЕСТНАЯ РЕЛИГИОЗНАЯ ОРГАНИЗАЦИЯ СВИДЕТЕЛЕЙ ИЕГОВЫ Г. НАХОДКА
395,МЕСТНАЯ РЕЛИГИОЗНАЯ ОРГАНИЗАЦИЯ СВИДЕТЕЛЕЙ ИЕГОВЫ Г. НЕМАНА КАЛИНИНГРАДСКОЙ ОБЛАСТИ
396,МЕСТНАЯ РЕЛИГИОЗНАЯ ОРГАНИЗАЦИЯ СВИДЕТЕЛЕЙ ИЕГОВЫ Г. НЕФТЕКАМСКА
397,МЕСТНАЯ РЕЛИГИОЗНАЯ ОРГАНИЗАЦИЯ СВИДЕТЕЛЕЙ ИЕГОВЫ Г. НЕФТЕЮГАНСКА
398,МЕСТНАЯ РЕЛИГИОЗНАЯ ОРГАНИЗАЦИЯ СВИДЕТЕЛЕЙ ИЕГОВЫ Г. НИЖНЕУДИНСКА
399,МЕСТНАЯ РЕЛИГИОЗНАЯ ОРГАНИЗАЦИЯ СВИДЕТЕЛЕЙ ИЕГОВЫ Г. НИКОЛАЕВСКА-НА-АМУРЕ
400,МЕСТНАЯ РЕЛИГИОЗНАЯ ОРГАНИЗАЦИЯ СВИДЕТЕЛЕЙ ИЕГОВЫ Г. НОВОАЛЕКСАНДРОВСКА
401,МЕСТНАЯ РЕЛИГИОЗНАЯ ОРГАНИЗАЦИЯ СВИДЕТЕЛЕЙ ИЕГОВЫ Г. НОВОКУБАНСКА И НОВОКУБАНСКОГО РАЙОНА
402,МЕСТНАЯ РЕЛИГИОЗНАЯ ОРГАНИЗАЦИЯ СВИДЕТЕЛЕЙ ИЕГОВЫ Г. НОВОПАВЛОВСКА
403,МЕСТНАЯ РЕЛИГИОЗНАЯ ОРГАНИЗАЦИЯ СВИДЕТЕЛЕЙ ИЕГОВЫ Г. НОВОРОССИЙСКА
404,МЕСТНАЯ РЕЛИГИОЗНАЯ ОРГАНИЗАЦИЯ СВИДЕТЕЛЕЙ ИЕГОВЫ Г. НОЯБРЬСКА
405,МЕСТНАЯ РЕЛИГИОЗНАЯ ОРГАНИЗАЦИЯ СВИДЕТЕЛЕЙ ИЕГОВЫ Г. ОРСКА
406,МЕСТНАЯ РЕЛИГИОЗНАЯ ОРГАНИЗАЦИЯ СВИДЕТЕЛЕЙ ИЕГОВЫ Г. ОХИ
407,МЕСТНАЯ РЕЛИГИОЗНАЯ ОРГАНИЗАЦИЯ СВИДЕТЕЛЕЙ ИЕГОВЫ Г. ПЕРВОУРАЛЬСКА
408,МЕСТНАЯ РЕЛИГИОЗНАЯ ОРГАНИЗАЦИЯ СВИДЕТЕЛЕЙ ИЕГОВЫ Г. ПРИМОРСКО-АХТАРСК
409,МЕСТНАЯ РЕЛИГИОЗНАЯ ОРГАНИЗАЦИЯ СВИДЕТЕЛЕЙ ИЕГОВЫ Г. ПРОХЛАДНОГО
410,МЕСТНАЯ РЕЛИГИОЗНАЯ ОРГАНИЗАЦИЯ СВИДЕТЕЛЕЙ ИЕГОВЫ Г. ПСКОВА
411,МЕСТНАЯ РЕЛИГИОЗНАЯ ОРГАНИЗАЦИЯ СВИДЕТЕЛЕЙ ИЕГОВЫ Г. РОСТОВА
412,МЕСТНАЯ РЕЛИГИОЗНАЯ ОРГАНИЗАЦИЯ СВИДЕТЕЛЕЙ ИЕГОВЫ Г. РЫБИНСКА
413,МЕСТНАЯ РЕЛИГИОЗНАЯ ОРГАНИЗАЦИЯ СВИДЕТЕЛЕЙ ИЕГОВЫ Г. САКИ
414,МЕСТНАЯ РЕЛИГИОЗНАЯ ОРГАНИЗАЦИЯ СВИДЕТЕЛЕЙ ИЕГОВЫ Г. САЯНОГОРСКА
415,МЕСТНАЯ РЕЛИГИОЗНАЯ ОРГАНИЗАЦИЯ СВИДЕТЕЛЕЙ ИЕГОВЫ Г. СЕВЕРОМОРСКА
416,МЕСТНАЯ РЕЛИГИОЗНАЯ ОРГАНИЗАЦИЯ СВИДЕТЕЛЕЙ ИЕГОВЫ Г. СЕВЕРСК
417,МЕСТНАЯ РЕЛИГИОЗНАЯ ОРГАНИЗАЦИЯ СВИДЕТЕЛЕЙ ИЕГОВЫ Г. СИМФЕРОПОЛЯ
418,МЕСТНАЯ РЕЛИГИОЗНАЯ ОРГАНИЗАЦИЯ СВИДЕТЕЛЕЙ ИЕГОВЫ Г. СЛАВЯНСК-НА-КУБАНИ И СЛАВЯНСКОГО РАЙОНА
419,МЕСТНАЯ РЕЛИГИОЗНАЯ ОРГАНИЗАЦИЯ СВИДЕТЕЛЕЙ ИЕГОВЫ Г. СЛЮДЯНКА
420,МЕСТНАЯ РЕЛИГИОЗНАЯ ОРГАНИЗАЦИЯ СВИДЕТЕЛЕЙ ИЕГОВЫ Г. СОВЕТСКАЯ ГАВАНЬ
421,МЕСТНАЯ РЕЛИГИОЗНАЯ ОРГАНИЗАЦИЯ СВИДЕТЕЛЕЙ ИЕГОВЫ Г. СОРСКА
422,МЕСТНАЯ РЕЛИГИОЗНАЯ ОРГАНИЗАЦИЯ СВИДЕТЕЛЕЙ ИЕГОВЫ Г. СОСНОВЫЙ БОР
423,МЕСТНАЯ РЕЛИГИОЗНАЯ ОРГАНИЗАЦИЯ СВИДЕТЕЛЕЙ ИЕГОВЫ Г. СПАССК-ДАЛЬНИЙ
424,МЕСТНАЯ РЕЛИГИОЗНАЯ ОРГАНИЗАЦИЯ СВИДЕТЕЛЕЙ ИЕГОВЫ Г. СТАРЫЙ КРЫМ
425,МЕСТНАЯ РЕЛИГИОЗНАЯ ОРГАНИЗАЦИЯ СВИДЕТЕЛЕЙ ИЕГОВЫ Г. СУРОВИКИНО
426,МЕСТНАЯ РЕЛИГИОЗНАЯ ОРГАНИЗАЦИЯ СВИДЕТЕЛЕЙ ИЕГОВЫ Г. ТАШТАГОЛА
427,МЕСТНАЯ РЕЛИГИОЗНАЯ ОРГАНИЗАЦИЯ СВИДЕТЕЛЕЙ ИЕГОВЫ Г. ТЕМРЮК
428,МЕСТНАЯ РЕЛИГИОЗНАЯ ОРГАНИЗАЦИЯ СВИДЕТЕЛЕЙ ИЕГОВЫ Г. ТИМАШЕВСКА
429,МЕСТНАЯ РЕЛИГИОЗНАЯ ОРГАНИЗАЦИЯ СВИДЕТЕЛЕЙ ИЕГОВЫ Г. ТУАПСЕ
430,МЕСТНАЯ РЕЛИГИОЗНАЯ ОРГАНИЗАЦИЯ СВИДЕТЕЛЕЙ ИЕГОВЫ Г. ТУЛУН
431,МЕСТНАЯ РЕЛИГИОЗНАЯ ОРГАНИЗАЦИЯ СВИДЕТЕЛЕЙ ИЕГОВЫ Г. ТЫНДА
432,МЕСТНАЯ РЕЛИГИОЗНАЯ ОРГАНИЗАЦИЯ СВИДЕТЕЛЕЙ ИЕГОВЫ Г. УССУРИЙСКА
433,МЕСТНАЯ РЕЛИГИОЗНАЯ ОРГАНИЗАЦИЯ СВИДЕТЕЛЕЙ ИЕГОВЫ Г. УСТЬ-ЛАБИНСКА
434,МЕСТНАЯ РЕЛИГИОЗНАЯ ОРГАНИЗАЦИЯ СВИДЕТЕЛЕЙ ИЕГОВЫ Г. ФЕОДОСИЯ
435,МЕСТНАЯ РЕЛИГИОЗНАЯ ОРГАНИЗАЦИЯ СВИДЕТЕЛЕЙ ИЕГОВЫ Г. ХАБАРОВСКА
436,МЕСТНАЯ РЕЛИГИОЗНАЯ ОРГАНИЗАЦИЯ СВИДЕТЕЛЕЙ ИЕГОВЫ Г. ХОЛМСКА
437,МЕСТНАЯ РЕЛИГИОЗНАЯ ОРГАНИЗАЦИЯ СВИДЕТЕЛЕЙ ИЕГОВЫ Г. ЧЕРЕМХОВО
438,МЕСТНАЯ РЕЛИГИОЗНАЯ ОРГАНИЗАЦИЯ СВИДЕТЕЛЕЙ ИЕГОВЫ Г. ЧЕРКЕССКА
439,МЕСТНАЯ РЕЛИГИОЗНАЯ ОРГАНИЗАЦИЯ СВИДЕТЕЛЕЙ ИЕГОВЫ Г. ЧЕРНЯХОВСКА КАЛИНИНГРАДСКОЙ ОБЛАСТИ
440,МЕСТНАЯ РЕЛИГИОЗНАЯ ОРГАНИЗАЦИЯ СВИДЕТЕЛЕЙ ИЕГОВЫ Г. ШЕБЕКИНО БЕЛГОРОДСКОЙ ОБЛАСТИ
441,МЕСТНАЯ РЕЛИГИОЗНАЯ ОРГАНИЗАЦИЯ СВИДЕТЕЛЕЙ ИЕГОВЫ Г. ШЕЛЕХОВ
442,МЕСТНАЯ РЕЛИГИОЗНАЯ ОРГАНИЗАЦИЯ СВИДЕТЕЛЕЙ ИЕГОВЫ Г. ЩЕЛКИНО
443,МЕСТНАЯ РЕЛИГИОЗНАЯ ОРГАНИЗАЦИЯ СВИДЕТЕЛЕЙ ИЕГОВЫ Г. ЮЖНО-САХАЛИНСКА
444,МЕСТНАЯ РЕЛИГИОЗНАЯ ОРГАНИЗАЦИЯ СВИДЕТЕЛЕЙ ИЕГОВЫ Г. ЯЛТА
445,МЕСТНАЯ РЕЛИГИОЗНАЯ ОРГАНИЗАЦИЯ СВИДЕТЕЛЕЙ ИЕГОВЫ Г.АЛАГИРА
446,МЕСТНАЯ РЕЛИГИОЗНАЯ ОРГАНИЗАЦИЯ СВИДЕТЕЛЕЙ ИЕГОВЫ Г.АЛЬМЕТЬЕВСКА УПРАВЛЕНЧЕСКОГО ЦЕНТРА СВИДЕТЕЛЕЙ ИЕГОВЫ В РОССИИ
447,МЕСТНАЯ РЕЛИГИОЗНАЯ ОРГАНИЗАЦИЯ СВИДЕТЕЛЕЙ ИЕГОВЫ Г.БАТАЙСК
448,МЕСТНАЯ РЕЛИГИОЗНАЯ ОРГАНИЗАЦИЯ СВИДЕТЕЛЕЙ ИЕГОВЫ Г.БЕЛГОРОДА
449,МЕСТНАЯ РЕЛИГИОЗНАЯ ОРГАНИЗАЦИЯ СВИДЕТЕЛЕЙ ИЕГОВЫ Г.БЕЛЕБЕЙ
450,"МЕСТНАЯ РЕЛИГИОЗНАЯ ОРГАНИЗАЦИЯ ""СВИДЕТЕЛЕЙ ИЕГОВЫ Г.БЕСЛАН"""
451,МЕСТНАЯ РЕЛИГИОЗНАЯ ОРГАНИЗАЦИЯ СВИДЕТЕЛЕЙ ИЕГОВЫ Г.БЛАГОВЕЩЕНСКА
452,МЕСТНАЯ РЕЛИГИОЗНАЯ ОРГАНИЗАЦИЯ СВИДЕТЕЛЕЙ ИЕГОВЫ Г.БУГУРУСЛАНА
453,МЕСТНАЯ РЕЛИГИОЗНАЯ ОРГАНИЗАЦИЯ СВИДЕТЕЛЕЙ ИЕГОВЫ Г.ВЛАДИКАВКАЗА
454,МЕСТНАЯ РЕЛИГИОЗНАЯ ОРГАНИЗАЦИЯ СВИДЕТЕЛЕЙ ИЕГОВЫ Г.ДУБНА
455,"МЕСТНАЯ РЕЛИГИОЗНАЯ ОРГАНИЗАЦИЯ СВИДЕТЕЛЕЙ ИЕГОВЫ ""ГЕЛЕНДЖИК"""
456,МЕСТНАЯ РЕЛИГИОЗНАЯ ОРГАНИЗАЦИЯ СВИДЕТЕЛЕЙ ИЕГОВЫ Г.ЖУКОВСКИЙ
457,МЕСТНАЯ РЕЛИГИОЗНАЯ ОРГАНИЗАЦИЯ СВИДЕТЕЛЕЙ ИЕГОВЫ Г.КАЛТАН
458,МЕСТНАЯ РЕЛИГИОЗНАЯ ОРГАНИЗАЦИЯ СВИДЕТЕЛЕЙ ИЕГОВЫ Г.КИРОВО-ЧЕПЕЦКА
459,МЕСТНАЯ РЕЛИГИОЗНАЯ ОРГАНИЗАЦИЯ СВИДЕТЕЛЕЙ ИЕГОВЫ Г.КИРОВСКА
460,МЕСТНАЯ РЕЛИГИОЗНАЯ ОРГАНИЗАЦИЯ СВИДЕТЕЛЕЙ ИЕГОВЫ Г.КОМСОМОЛЬСКА-НА-АМУРЕ
461,МЕСТНАЯ РЕЛИГИОЗНАЯ ОРГАНИЗАЦИЯ СВИДЕТЕЛЕЙ ИЕГОВЫ Г.КОРОЛЕВ
462,МЕСТНАЯ РЕЛИГИОЗНАЯ ОРГАНИЗАЦИЯ СВИДЕТЕЛЕЙ ИЕГОВЫ Г.КОСТРОМА
463,МЕСТНАЯ РЕЛИГИОЗНАЯ ОРГАНИЗАЦИЯ СВИДЕТЕЛЕЙ ИЕГОВЫ Г.КОТОВО ВОЛГОГРАДСКОЙ ОБЛАСТИ
464,МЕСТНАЯ РЕЛИГИОЗНАЯ ОРГАНИЗАЦИЯ СВИДЕТЕЛЕЙ ИЕГОВЫ Г.КУРГАНИНСКА
465,МЕСТНАЯ РЕЛИГИОЗНАЯ ОРГАНИЗАЦИЯ СВИДЕТЕЛЕЙ ИЕГОВЫ Г.КЫЗЫЛА
466,МЕСТНАЯ РЕЛИГИОЗНАЯ ОРГАНИЗАЦИЯ СВИДЕТЕЛЕЙ ИЕГОВЫ Г.ЛЕНИНСК-КУЗНЕЦКОГО
467,МЕСТНАЯ РЕЛИГИОЗНАЯ ОРГАНИЗАЦИЯ СВИДЕТЕЛЕЙ ИЕГОВЫ Г.ЛЮБЕРЦЫ
468,МЕСТНАЯ РЕЛИГИОЗНАЯ ОРГАНИЗАЦИЯ СВИДЕТЕЛЕЙ ИЕГОВЫ Г.МАЙСКОГО
469,МЕСТНАЯ РЕЛИГИОЗНАЯ ОРГАНИЗАЦИЯ СВИДЕТЕЛЕЙ ИЕГОВЫ Г.МОЗДОКА
470,МЕСТНАЯ РЕЛИГИОЗНАЯ ОРГАНИЗАЦИЯ СВИДЕТЕЛЕЙ ИЕГОВЫ Г.НАЛЬЧИКА
471,МЕСТНАЯ РЕЛИГИОЗНАЯ ОРГАНИЗАЦИЯ СВИДЕТЕЛЕЙ ИЕГОВЫ Г.НЕРЮНГРИ
472,"МЕСТНАЯ РЕЛИГИОЗНАЯ ОРГАНИЗАЦИЯ СВИДЕТЕЛЕЙ ИЕГОВЫ Г.НИЖНЕКАМСКА И НИЖНЕКАМСКОГО РАЙОНА ""УПРАВЛЕНЧЕСКОГО ЦЕНТРА СВИДЕТЕЛЕЙ ИЕГОВЫ В РОССИИ"""
473,МЕСТНАЯ РЕЛИГИОЗНАЯ ОРГАНИЗАЦИЯ СВИДЕТЕЛЕЙ ИЕГОВЫ Г.ОЗЕРСКА
474,МЕСТНАЯ РЕЛИГИОЗНАЯ ОРГАНИЗАЦИЯ СВИДЕТЕЛЕЙ ИЕГОВЫ ГОРНО-АЛТАЙСК
475,МЕСТНАЯ РЕЛИГИОЗНАЯ ОРГАНИЗАЦИЯ СВИДЕТЕЛЕЙ ИЕГОВЫ ГОРОДА ЭЛИСТА
476,МЕСТНАЯ РЕЛИГИОЗНАЯ ОРГАНИЗАЦИЯ СВИДЕТЕЛЕЙ ИЕГОВЫ ГОРОДА-КУРОРТА АНАПА
477,МЕСТНАЯ РЕЛИГИОЗНАЯ ОРГАНИЗАЦИЯ СВИДЕТЕЛЕЙ ИЕГОВЫ Г.ПОДОЛЬСКА
478,МЕСТНАЯ РЕЛИГИОЗНАЯ ОРГАНИЗАЦИЯ СВИДЕТЕЛЕЙ ИЕГОВЫ Г.САЛЬСК
479,МЕСТНАЯ РЕЛИГИОЗНАЯ ОРГАНИЗАЦИЯ СВИДЕТЕЛЕЙ ИЕГОВЫ Г.СЕРПУХОВА И СЕРПУХОВСКОГО РАЙОНА
480,МЕСТНАЯ РЕЛИГИОЗНАЯ ОРГАНИЗАЦИЯ СВИДЕТЕЛЕЙ ИЕГОВЫ Г.СТАРЫЙ ОСКОЛ
481,МЕСТНАЯ РЕЛИГИОЗНАЯ ОРГАНИЗАЦИЯ СВИДЕТЕЛЕЙ ИЕГОВЫ Г.СЫЗРАНЬ
482,"МЕСТНАЯ РЕЛИГИОЗНАЯ ОРГАНИЗАЦИЯ СВИДЕТЕЛЕЙ ИЕГОВЫ ""ГУКОВО"""
483,МЕСТНАЯ РЕЛИГИОЗНАЯ ОРГАНИЗАЦИЯ СВИДЕТЕЛЕЙ ИЕГОВЫ Г.УЛАН-УДЭ
484,МЕСТНАЯ РЕЛИГИОЗНАЯ ОРГАНИЗАЦИЯ СВИДЕТЕЛЕЙ ИЕГОВЫ Г.ФРЯЗИНО
485,МЕСТНАЯ РЕЛИГИОЗНАЯ ОРГАНИЗАЦИЯ СВИДЕТЕЛЕЙ ИЕГОВЫ Г.ЧЕРЕПОВЦА ВОЛОГОДСКОЙ ОБЛАСТИ
486,МЕСТНАЯ РЕЛИГИОЗНАЯ ОРГАНИЗАЦИЯ СВИДЕТЕЛЕЙ ИЕГОВЫ Г.ЧЕХОВА
487,МЕСТНАЯ РЕЛИГИОЗНАЯ ОРГАНИЗАЦИЯ СВИДЕТЕЛЕЙ ИЕГОВЫ Г.ШАДРИНСКА
488,МЕСТНАЯ РЕЛИГИОЗНАЯ ОРГАНИЗАЦИЯ СВИДЕТЕЛЕЙ ИЕГОВЫ Г.ШАРЫПОВО
489,МЕСТНАЯ РЕЛИГИОЗНАЯ ОРГАНИЗАЦИЯ СВИДЕТЕЛЕЙ ИЕГОВЫ Г.ЮГОРСКА
490,МЕСТНАЯ РЕЛИГИОЗНАЯ ОРГАНИЗАЦИЯ СВИДЕТЕЛЕЙ ИЕГОВЫ Г.ЯРОСЛАВЛЯ
491,"МЕСТНАЯ РЕЛИГИОЗНАЯ ОРГАНИЗАЦИЯ СВИДЕТЕЛЕЙ ИЕГОВЫ ""ДЕРБЕНТ"""
492,"МЕСТНАЯ РЕЛИГИОЗНАЯ ОРГАНИЗАЦИЯ СВИДЕТЕЛЕЙ ИЕГОВЫ ""ЕЛЬШАНСКАЯ ВОЛГОГРАД"""
493,"МЕСТНАЯ РЕЛИГИОЗНАЯ ОРГАНИЗАЦИЯ СВИДЕТЕЛЕЙ ИЕГОВЫ ""ЖЕЛЕЗНОГОРСК"""
494,"МЕСТНАЯ РЕЛИГИОЗНАЯ ОРГАНИЗАЦИЯ СВИДЕТЕЛЕЙ ИЕГОВЫ ""ЗАРИНСК"""
495,"МЕСТНАЯ РЕЛИГИОЗНАЯ ОРГАНИЗАЦИЯ СВИДЕТЕЛЕЙ ИЕГОВЫ ""ИЛЬСКИЙ"""
496,"МЕСТНАЯ РЕЛИГИОЗНАЯ ОРГАНИЗАЦИЯ СВИДЕТЕЛЕЙ ИЕГОВЫ ""ИПАТОВО"""
497,"МЕСТНАЯ РЕЛИГИОЗНАЯ ОРГАНИЗАЦИЯ СВИДЕТЕЛЕЙ ИЕГОВЫ ""ЙОШКАР-ОЛА"""
498,"МЕСТНАЯ РЕЛИГИОЗНАЯ ОРГАНИЗАЦИЯ СВИДЕТЕЛЕЙ ИЕГОВЫ ""КАЛИНИНГРАД"""
499,"МЕСТНАЯ РЕЛИГИОЗНАЯ ОРГАНИЗАЦИЯ СВИДЕТЕЛЕЙ ИЕГОВЫ ""КАНСК"""
500,МЕСТНАЯ РЕЛИГИОЗНАЯ ОРГАНИЗАЦИЯ СВИДЕТЕЛЕЙ ИЕГОВЫ КЛИНСКОГО РАЙОНА
501,МЕСТНАЯ РЕЛИГИОЗНАЯ ОРГАНИЗАЦИЯ СВИДЕТЕЛЕЙ ИЕГОВЫ КОРСАКОВ
502,"МЕСТНАЯ РЕЛИГИОЗНАЯ ОРГАНИЗАЦИЯ СВИДЕТЕЛЕЙ ИЕГОВЫ ""КОСТОМУКША"""
503,МЕСТНАЯ РЕЛИГИОЗНАЯ ОРГАНИЗАЦИЯ СВИДЕТЕЛЕЙ ИЕГОВЫ КОЧУБЕЕВСКОГО РАЙОНА
504,МЕСТНАЯ РЕЛИГИОЗНАЯ ОРГАНИЗАЦИЯ СВИДЕТЕЛЕЙ ИЕГОВЫ КРАСНОАРМЕЙСКОГО РАЙОНА Г. ВОЛГОГРАДА
505,МЕСТНАЯ РЕЛИГИОЗНАЯ ОРГАНИЗАЦИЯ СВИДЕТЕЛЕЙ ИЕГОВЫ КРАСНОГОРСКОГО РАЙОНА
506,"МЕСТНАЯ РЕЛИГИОЗНАЯ ОРГАНИЗАЦИЯ СВИДЕТЕЛЕЙ ИЕГОВЫ ""КРАСНОЯРСК"""
507,"МЕСТНАЯ РЕЛИГИОЗНАЯ ОРГАНИЗАЦИЯ СВИДЕТЕЛЕЙ ИЕГОВЫ ""КУМЕРТАУ"""
508,"МЕСТНАЯ РЕЛИГИОЗНАЯ ОРГАНИЗАЦИЯ СВИДЕТЕЛЕЙ ИЕГОВЫ ""КУРАГИНО"""
509,МЕСТНАЯ РЕЛИГИОЗНАЯ ОРГАНИЗАЦИЯ СВИДЕТЕЛЕЙ ИЕГОВЫ КУРДЖИНОВО
510,МЕСТНАЯ РЕЛИГИОЗНАЯ ОРГАНИЗАЦИЯ СВИДЕТЕЛЕЙ ИЕГОВЫ (КУРСК)
511,"МЕСТНАЯ РЕЛИГИОЗНАЯ ОРГАНИЗАЦИЯ СВИДЕТЕЛЕЙ ИЕГОВЫ ""ЛАДОЖСКОЕ"""
512,МЕСТНАЯ РЕЛИГИОЗНАЯ ОРГАНИЗАЦИЯ СВИДЕТЕЛЕЙ ИЕГОВЫ ЛЕНИНСКОГО РАЙОНА
513,"МЕСТНАЯ РЕЛИГИОЗНАЯ ОРГАНИЗАЦИЯ СВИДЕТЕЛЕЙ ИЕГОВЫ ""МЕЖДУРЕЧЕНСК"""
514,"МЕСТНАЯ РЕЛИГИОЗНАЯ ОРГАНИЗАЦИЯ СВИДЕТЕЛЕЙ ИЕГОВЫ ""МИКУНЬ"""
515,"МЕСТНАЯ РЕЛИГИОЗНАЯ ОРГАНИЗАЦИЯ СВИДЕТЕЛЕЙ ИЕГОВЫ ""МОНОЛИТ ВОЛГОГРАД"""
516,"МЕСТНАЯ РЕЛИГИОЗНАЯ ОРГАНИЗАЦИЯ СВИДЕТЕЛЕЙ ИЕГОВЫ ""МЫСКИ"""
517,МЕСТНАЯ РЕЛИГИОЗНАЯ ОРГАНИЗАЦИЯ СВИДЕТЕЛЕЙ ИЕГОВЫ МЫТИЩИНСКОГО РАЙОНА
518,"МЕСТНАЯ РЕЛИГИОЗНАЯ ОРГАНИЗАЦИЯ СВИДЕТЕЛЕЙ ИЕГОВЫ ""НЕВСКОЕ"""
519,"МЕСТНАЯ РЕЛИГИОЗНАЯ ОРГАНИЗАЦИЯ СВИДЕТЕЛЕЙ ИЕГОВЫ ""НИЖНИЙ ТАГИЛ"""
520,"МЕСТНАЯ РЕЛИГИОЗНАЯ ОРГАНИЗАЦИЯ СВИДЕТЕЛЕЙ ИЕГОВЫ ""НИКОЛЬСК"""
521,"МЕСТНАЯ РЕЛИГИОЗНАЯ ОРГАНИЗАЦИЯ СВИДЕТЕЛЕЙ ИЕГОВЫ ""НОВОКУЗНЕЦК"""
522,"МЕСТНАЯ РЕЛИГИОЗНАЯ ОРГАНИЗАЦИЯ СВИДЕТЕЛЕЙ ИЕГОВЫ ""НОВОШАХТИНСК"""
523,"МЕСТНАЯ РЕЛИГИОЗНАЯ ОРГАНИЗАЦИЯ СВИДЕТЕЛЕЙ ИЕГОВЫ ""НОРИЛЬСК"""
524,МЕСТНАЯ РЕЛИГИОЗНАЯ ОРГАНИЗАЦИЯ СВИДЕТЕЛЕЙ ИЕГОВЫ ОДИНЦОВСКОГО РАЙОНА
525,МЕСТНАЯ РЕЛИГИОЗНАЯ ОРГАНИЗАЦИЯ СВИДЕТЕЛЕЙ ИЕГОВЫ ОЗЕРСКОГО РАЙОНА
526,"МЕСТНАЯ РЕЛИГИОЗНАЯ ОРГАНИЗАЦИЯ СВИДЕТЕЛЕЙ ИЕГОВЫ ""ОМСК"""
527,МЕСТНАЯ РЕЛИГИОЗНАЯ ОРГАНИЗАЦИЯ СВИДЕТЕЛЕЙ ИЕГОВЫ ОРЕЛ
528,МЕСТНАЯ РЕЛИГИОЗНАЯ ОРГАНИЗАЦИЯ СВИДЕТЕЛЕЙ ИЕГОВЫ ОРЕХОВО-ЗУЕВСКОГО РАЙОНА
529,МЕСТНАЯ РЕЛИГИОЗНАЯ ОРГАНИЗАЦИЯ СВИДЕТЕЛЕЙ ИЕГОВЫ ОСИННИКИ
530,МЕСТНАЯ РЕЛИГИОЗНАЯ ОРГАНИЗАЦИЯ СВИДЕТЕЛЕЙ ИЕГОВЫ П. ЛУЧЕГОРСК
531,МЕСТНАЯ РЕЛИГИОЗНАЯ ОРГАНИЗАЦИЯ СВИДЕТЕЛЕЙ ИЕГОВЫ П. ПЕРЕЯСЛАВКА
532,МЕСТНАЯ РЕЛИГИОЗНАЯ ОРГАНИЗАЦИЯ СВИДЕТЕЛЕЙ ИЕГОВЫ П. СОЛНЕЧНОДОЛЬСКА
533,МЕСТНАЯ РЕЛИГИОЗНАЯ ОРГАНИЗАЦИЯ СВИДЕТЕЛЕЙ ИЕГОВЫ П. ШУШЕНСКОЕ
534,МЕСТНАЯ РЕЛИГИОЗНАЯ ОРГАНИЗАЦИЯ СВИДЕТЕЛЕЙ ИЕГОВЫ ПГТ. ГВАРДЕЙСКОЕ
535,МЕСТНАЯ РЕЛИГИОЗНАЯ ОРГАНИЗАЦИЯ СВИДЕТЕЛЕЙ ИЕГОВЫ ПГТ. КРАСНОГВАРДЕЙСКОЕ
536,МЕСТНАЯ РЕЛИГИОЗНАЯ ОРГАНИЗАЦИЯ СВИДЕТЕЛЕЙ ИЕГОВЫ ПГТ. МИРНЫЙ
537,МЕСТНАЯ РЕЛИГИОЗНАЯ ОРГАНИЗАЦИЯ СВИДЕТЕЛЕЙ ИЕГОВЫ ПГТ. НИЖНЕГОРСКИЙ
538,МЕСТНАЯ РЕЛИГИОЗНАЯ ОРГАНИЗАЦИЯ СВИДЕТЕЛЕЙ ИЕГОВЫ ПГТ. ПЕРВОМАЙСКОЕ
539,МЕСТНАЯ РЕЛИГИОЗНАЯ ОРГАНИЗАЦИЯ СВИДЕТЕЛЕЙ ИЕГОВЫ ПГТ. РАЗДОЛЬНОЕ
540,МЕСТНАЯ РЕЛИГИОЗНАЯ ОРГАНИЗАЦИЯ СВИДЕТЕЛЕЙ ИЕГОВЫ ПГТ. ЧЕРНОМОРСКОЕ
541,"МЕСТНАЯ РЕЛИГИОЗНАЯ ОРГАНИЗАЦИЯ СВИДЕТЕЛЕЙ ИЕГОВЫ ""ПЕТРОЗАВОДСК"""
542,"МЕСТНАЯ РЕЛИГИОЗНАЯ ОРГАНИЗАЦИЯ СВИДЕТЕЛЕЙ ИЕГОВЫ ""ПЕТРОПАВЛОВСК-КАМЧАТСКИЙ"""
543,МЕСТНАЯ РЕЛИГИОЗНАЯ ОРГАНИЗАЦИЯ СВИДЕТЕЛЕЙ ИЕГОВЫ ПЕЧОРА
544,МЕСТНАЯ РЕЛИГИОЗНАЯ ОРГАНИЗАЦИЯ СВИДЕТЕЛЕЙ ИЕГОВЫ П.ЗИМОВНИКИ И ЗИМОВНИКОВСКОГО РАЙОНА
545,МЕСТНАЯ РЕЛИГИОЗНАЯ ОРГАНИЗАЦИЯ СВИДЕТЕЛЕЙ ИЕГОВЫ П.НОГЛИКИ САХАЛИНСКОЙ ОБЛАСТИ
546,МЕСТНАЯ РЕЛИГИОЗНАЯ ОРГАНИЗАЦИЯ СВИДЕТЕЛЕЙ ИЕГОВЫ ПОС. КРАСНООКТЯБРЬСКОГО МАЙКОПСКОГО РАЙОНА
547,МЕСТНАЯ РЕЛИГИОЗНАЯ ОРГАНИЗАЦИЯ СВИДЕТЕЛЕЙ ИЕГОВЫ ПОС. ЯРЕГА
548,МЕСТНАЯ РЕЛИГИОЗНАЯ ОРГАНИЗАЦИЯ СВИДЕТЕЛЕЙ ИЕГОВЫ ПОСЕЛКА ЗАЛАРИ
549,МЕСТНАЯ РЕЛИГИОЗНАЯ ОРГАНИЗАЦИЯ СВИДЕТЕЛЕЙ ИЕГОВЫ ПОСЕЛКА КРАСНОСЕЛЬСКИЙ
550,МЕСТНАЯ РЕЛИГИОЗНАЯ ОРГАНИЗАЦИЯ СВИДЕТЕЛЕЙ ИЕГОВЫ ПОСЕЛКА ОКТЯБРЬСКИЙ
551,МЕСТНАЯ РЕЛИГИОЗНАЯ ОРГАНИЗАЦИЯ СВИДЕТЕЛЕЙ ИЕГОВЫ ПОСЕЛКА ЧУНСКИЙ
552,"МЕСТНАЯ РЕЛИГИОЗНАЯ ОРГАНИЗАЦИЯ СВИДЕТЕЛЕЙ ИЕГОВЫ ""ПРОКОПЬЕВСК"""
553,МЕСТНАЯ РЕЛИГИОЗНАЯ ОРГАНИЗАЦИЯ СВИДЕТЕЛЕЙ ИЕГОВЫ П.ТУЛЬСКИЙ
554,МЕСТНАЯ РЕЛИГИОЗНАЯ ОРГАНИЗАЦИЯ СВИДЕТЕЛЕЙ ИЕГОВЫ ПУШКИНСКОГО РАЙОНА
555,МЕСТНАЯ РЕЛИГИОЗНАЯ ОРГАНИЗАЦИЯ СВИДЕТЕЛЕЙ ИЕГОВЫ П.ЧУЛЬМАН
556,"МЕСТНАЯ РЕЛИГИОЗНАЯ ОРГАНИЗАЦИЯ СВИДЕТЕЛЕЙ ИЕГОВЫ ""РУБЦОВСК"""
557,МЕСТНАЯ РЕЛИГИОЗНАЯ ОРГАНИЗАЦИЯ СВИДЕТЕЛЕЙ ИЕГОВЫ С. БОГУЧАНЫ КРАСНОЯРСКОГО КРАЯ
558,МЕСТНАЯ РЕЛИГИОЗНАЯ ОРГАНИЗАЦИЯ СВИДЕТЕЛЕЙ ИЕГОВЫ С. БРЯНСКОЕ
559,МЕСТНАЯ РЕЛИГИОЗНАЯ ОРГАНИЗАЦИЯ СВИДЕТЕЛЕЙ ИЕГОВЫ С. ВОСХОД
560,"МЕСТНАЯ РЕЛИГИОЗНАЯ ОРГАНИЗАЦИЯ СВИДЕТЕЛЕЙ ИЕГОВЫ ""САЛАВАТ"""
561,МЕСТНАЯ РЕЛИГИОЗНАЯ ОРГАНИЗАЦИЯ СВИДЕТЕЛЕЙ ИЕГОВЫ САНКТ-ПЕТЕРБУРГА
562,МЕСТНАЯ РЕЛИГИОЗНАЯ ОРГАНИЗАЦИЯ СВИДЕТЕЛЕЙ ИЕГОВЫ САЯНСК
563,МЕСТНАЯ РЕЛИГИОЗНАЯ ОРГАНИЗАЦИЯ СВИДЕТЕЛЕЙ ИЕГОВЫ С.БЕЗОПАСНОЕ ТРУНОВСКОГО РАЙОНА
564,"МЕСТНАЯ РЕЛИГИОЗНАЯ ОРГАНИЗАЦИЯ СВИДЕТЕЛЕЙ ИЕГОВЫ ""СЕВЕРНАЯ ТОМСК"""
565,"МЕСТНАЯ РЕЛИГИОЗНАЯ ОРГАНИЗАЦИЯ СВИДЕТЕЛЕЙ ИЕГОВЫ ""СЕВЕРНАЯ УСОЛЬЕ-СИБИРСКОЕ"""
566,"МЕСТНАЯ РЕЛИГИОЗНАЯ ОРГАНИЗАЦИЯ СВИДЕТЕЛЕЙ ИЕГОВЫ ""СЕВЕРОУРАЛЬСК"""
567,МЕСТНАЯ РЕЛИГИОЗНАЯ ОРГАНИЗАЦИЯ СВИДЕТЕЛЕЙ ИЕГОВЫ СЕРГИЕВО-ПОСАДСКОГО РАЙОНА
568,МЕСТНАЯ РЕЛИГИОЗНАЯ ОРГАНИЗАЦИЯ СВИДЕТЕЛЕЙ ИЕГОВЫ СЕРОВ
569,МЕСТНАЯ РЕЛИГИОЗНАЯ ОРГАНИЗАЦИЯ СВИДЕТЕЛЕЙ ИЕГОВЫ СИВАШ
570,МЕСТНАЯ РЕЛИГИОЗНАЯ ОРГАНИЗАЦИЯ СВИДЕТЕЛЕЙ ИЕГОВЫ СКОВОРОДИНО
571,"МЕСТНАЯ РЕЛИГИОЗНАЯ ОРГАНИЗАЦИЯ СВИДЕТЕЛЕЙ ИЕГОВЫ ""СЛАВГОРОД"""
572,"МЕСТНАЯ РЕЛИГИОЗНАЯ ОРГАНИЗАЦИЯ СВИДЕТЕЛЕЙ ИЕГОВЫ ""СНЕЖНОГОРСК"""
573,МЕСТНАЯ РЕЛИГИОЗНАЯ ОРГАНИЗАЦИЯ СВИДЕТЕЛЕЙ ИЕГОВЫ СОЛНЕЧНОГОРСКОГО РАЙОНА
574,"МЕСТНАЯ РЕЛИГИОЗНАЯ ОРГАНИЗАЦИЯ СВИДЕТЕЛЕЙ ИЕГОВЫ ""СОСНОВОБОРСК"""
575,МЕСТНАЯ РЕЛИГИОЗНАЯ ОРГАНИЗАЦИЯ СВИДЕТЕЛЕЙ ИЕГОВЫ СТ. ВЫСЕЛКИ
576,МЕСТНАЯ РЕЛИГИОЗНАЯ ОРГАНИЗАЦИЯ СВИДЕТЕЛЕЙ ИЕГОВЫ СТ. ГИАГИНСКОЙ
577,МЕСТНАЯ РЕЛИГИОЗНАЯ ОРГАНИЗАЦИЯ СВИДЕТЕЛЕЙ ИЕГОВЫ СТ. ДИНСКОЙ
578,МЕСТНАЯ РЕЛИГИОЗНАЯ ОРГАНИЗАЦИЯ СВИДЕТЕЛЕЙ ИЕГОВЫ СТ. КАЛИНИНСКАЯ
579,МЕСТНАЯ РЕЛИГИОЗНАЯ ОРГАНИЗАЦИЯ СВИДЕТЕЛЕЙ ИЕГОВЫ СТ. КАНЕВСКАЯ
580,МЕСТНАЯ РЕЛИГИОЗНАЯ ОРГАНИЗАЦИЯ СВИДЕТЕЛЕЙ ИЕГОВЫ СТ. КУЩЕВСКАЯ
581,МЕСТНАЯ РЕЛИГИОЗНАЯ ОРГАНИЗАЦИЯ СВИДЕТЕЛЕЙ ИЕГОВЫ СТ. ОТРАДНАЯ
582,МЕСТНАЯ РЕЛИГИОЗНАЯ ОРГАНИЗАЦИЯ СВИДЕТЕЛЕЙ ИЕГОВЫ СТ. ПАВЛОВСКАЯ
583,МЕСТНАЯ РЕЛИГИОЗНАЯ ОРГАНИЗАЦИЯ СВИДЕТЕЛЕЙ ИЕГОВЫ СТ. СТАРОНИЖЕСТЕБЛИЕВСКОЙ КРАСНОАРМЕЙСКОГО РАЙОНА
584,МЕСТНАЯ РЕЛИГИОЗНАЯ ОРГАНИЗАЦИЯ СВИДЕТЕЛЕЙ ИЕГОВЫ СТ. СТАРОЩЕРБИНОВСКАЯ
585,МЕСТНАЯ РЕЛИГИОЗНАЯ ОРГАНИЗАЦИЯ СВИДЕТЕЛЕЙ ИЕГОВЫ СТ. ТБИЛИССКАЯ
586,МЕСТНАЯ РЕЛИГИОЗНАЯ ОРГАНИЗАЦИЯ СВИДЕТЕЛЕЙ ИЕГОВЫ СТ. ХАНСКОЙ
587,МЕСТНАЯ РЕЛИГИОЗНАЯ ОРГАНИЗАЦИЯ СВИДЕТЕЛЕЙ ИЕГОВЫ СТ.НЕЗЛОБНОЙ ГЕОРГИЕВСКОГО РАЙОНА
588,МЕСТНАЯ РЕЛИГИОЗНАЯ ОРГАНИЗАЦИЯ СВИДЕТЕЛЕЙ ИЕГОВЫ СТ.НОВОТИТАРОВСКАЯ
589,МЕСТНАЯ РЕЛИГИОЗНАЯ ОРГАНИЗАЦИЯ СВИДЕТЕЛЕЙ ИЕГОВЫ СЫКТЫВКАР
590,"МЕСТНАЯ РЕЛИГИОЗНАЯ ОРГАНИЗАЦИЯ СВИДЕТЕЛЕЙ ИЕГОВЫ ""ТАЙШЕТ"""
591,"МЕСТНАЯ РЕЛИГИОЗНАЯ ОРГАНИЗАЦИЯ СВИДЕТЕЛЕЙ ИЕГОВЫ ""ТОЛЬЯТТИ"""
592,"МЕСТНАЯ РЕЛИГИОЗНАЯ ОРГАНИЗАЦИЯ СВИДЕТЕЛЕЙ ИЕГОВЫ ""УСИНСК"""
593,МЕСТНАЯ РЕЛИГИОЗНАЯ ОРГАНИЗАЦИЯ СВИДЕТЕЛЕЙ ИЕГОВЫ УСПЕНСКОГО РАЙОНА
594,"МЕСТНАЯ РЕЛИГИОЗНАЯ ОРГАНИЗАЦИЯ СВИДЕТЕЛЕЙ ИЕГОВЫ ""УСТЬ-ИЛИМСК"""
595,"МЕСТНАЯ РЕЛИГИОЗНАЯ ОРГАНИЗАЦИЯ СВИДЕТЕЛЕЙ ИЕГОВЫ ""УФА"""
596,МЕСТНАЯ РЕЛИГИОЗНАЯ ОРГАНИЗАЦИЯ СВИДЕТЕЛЕЙ ИЕГОВЫ УХТА
597,МЕСТНАЯ РЕЛИГИОЗНАЯ ОРГАНИЗАЦИЯ СВИДЕТЕЛЕЙ ИЕГОВЫ ХИМКИНСКОГО РАЙОНА
598,МЕСТНАЯ РЕЛИГИОЗНАЯ ОРГАНИЗАЦИЯ СВИДЕТЕЛЕЙ ИЕГОВЫ ЦЕНТРАЛЬНАЯ БЕЛОВО
599,"МЕСТНАЯ РЕЛИГИОЗНАЯ ОРГАНИЗАЦИЯ СВИДЕТЕЛЕЙ ИЕГОВЫ ""ЦЕНТРАЛЬНАЯ ВОРОНЕЖ"""
600,"МЕСТНАЯ РЕЛИГИОЗНАЯ ОРГАНИЗАЦИЯ СВИДЕТЕЛЕЙ ИЕГОВЫ ""ЦЕНТРАЛЬНАЯ ЕЙСК"""
601,"МЕСТНАЯ РЕЛИГИОЗНАЯ ОРГАНИЗАЦИЯ СВИДЕТЕЛЕЙ ИЕГОВЫ ""ЦЕНТРАЛЬНАЯ ИРКУТСК"""
602,"МЕСТНАЯ РЕЛИГИОЗНАЯ ОРГАНИЗАЦИЯ СВИДЕТЕЛЕЙ ИЕГОВЫ ""ЦЕНТРАЛЬНАЯ КЕМЕРОВО"""
603,"МЕСТНАЯ РЕЛИГИОЗНАЯ ОРГАНИЗАЦИЯ СВИДЕТЕЛЕЙ ИЕГОВЫ ""ЦЕНТРАЛЬНАЯ МИНЕРАЛЬНЫЕ ВОДЫ"""
604,"МЕСТНАЯ РЕЛИГИОЗНАЯ ОРГАНИЗАЦИЯ СВИДЕТЕЛЕЙ ИЕГОВЫ ""ЦЕНТРАЛЬНАЯ МУРМАНСК"""
605,МЕСТНАЯ РЕЛИГИОЗНАЯ ОРГАНИЗАЦИЯ СВИДЕТЕЛЕЙ ИЕГОВЫ ЦЕНТРАЛЬНАЯ НИЖНИЙ НОВГОРОД
606,"МЕСТНАЯ РЕЛИГИОЗНАЯ ОРГАНИЗАЦИЯ СВИДЕТЕЛЕЙ ИЕГОВЫ ""ЦЕНТРАЛЬНАЯ ОРЕНБУРГ"""
607,"МЕСТНАЯ РЕЛИГИОЗНАЯ ОРГАНИЗАЦИЯ СВИДЕТЕЛЕЙ ИЕГОВЫ ""ЦЕНТРАЛЬНАЯ ПЕНЗА"""
608,"МЕСТНАЯ РЕЛИГИОЗНАЯ ОРГАНИЗАЦИЯ СВИДЕТЕЛЕЙ ИЕГОВЫ ""ЦЕНТРАЛЬНАЯ РОСТОВ-НА-ДОНУ"""
609,"МЕСТНАЯ РЕЛИГИОЗНАЯ ОРГАНИЗАЦИЯ СВИДЕТЕЛЕЙ ИЕГОВЫ ""ЦЕНТРАЛЬНАЯ СОЧИ"""
610,"МЕСТНАЯ РЕЛИГИОЗНАЯ ОРГАНИЗАЦИЯ СВИДЕТЕЛЕЙ ИЕГОВЫ ""ЦЕНТРАЛЬНЫЙ ХАЗАН"""
611,"МЕСТНАЯ РЕЛИГИОЗНАЯ ОРГАНИЗАЦИЯ СВИДЕТЕЛЕЙ ИЕГОВЫ ""ЧЕЛЯБИНСК"""
612,"МЕСТНАЯ РЕЛИГИОЗНАЯ ОРГАНИЗАЦИЯ СВИДЕТЕЛЕЙ ИЕГОВЫ ""ЧИТА"""
613,МЕСТНАЯ РЕЛИГИОЗНАЯ ОРГАНИЗАЦИЯ СВИДЕТЕЛЕЙ ИЕГОВЫ ШАТУРСКОГО РАЙОНА
614,МЕСТНАЯ РЕЛИГИОЗНАЯ ОРГАНИЗАЦИЯ СВИДЕТЕЛЕЙ ИЕГОВЫ ШИРИНСКОГО РАЙОНА
615,МЕСТНАЯ РЕЛИГИОЗНАЯ ОРГАНИЗАЦИЯ СВИДЕТЕЛЕЙ ИЕГОВЫ ЩЕЛКОВСКОГО РАЙОНА
616,"МЕСТНАЯ РЕЛИГИОЗНАЯ ОРГАНИЗАЦИЯ СВИДЕТЕЛЕЙ ИЕГОВЫ ""ЮЖНАЯ АБАКАН"""
617,МЕСТНАЯ РЕЛИГИОЗНАЯ ОРГАНИЗАЦИЯ СВИДЕТЕЛЕЙ ИЕГОВЫХ В Г.ГУБКИНЕ
618,МЕСТНАЯ РЕЛИГИОЗНАЯ ОРГАНИЗАЦИЯ СВИДЕТЕЛИ ИЕГОВЫ В Г.НАРТКАЛЕ
619,МЕСТНАЯ РЕЛИГИОЗНАЯ ОРГАНИЗАЦИЯ СВИДЕТЕЛИ ИЕГОВЫ Г. САМАРЫ
620,МЕСТНАЯ РЕЛИГИОЗНАЯ ОРГАНИЗАЦИЯ СВИДЕТЕЛИ ИЕГОВЫ Г. УЛЬЯНОВСКА
621,МЕСТНАЯ РЕЛИГИОЗНАЯ ОРГАНИЗАЦИЯ СВИДЕТЕЛИ ИЕГОВЫ Г.ДАЛЬНЕГОРСКА
622,"МЕСТНАЯ РЕЛИГИОЗНАЯ ОРГАНИЗАЦИЯ СВИДЕТЕЛИ ИЕГОВЫ ""ПОЛЯРНЫЙ"""
623,"МЕСТНАЯ РЕЛИГИОЗНАЯ ОРГАНИЗАЦИЯ СВИДЕТЕЛИ ИЕГОВЫ ""САРАНСК"""
624,МЕСТНАЯ РЕЛИГИОЗНАЯ ОРГАНИЗАЦИЯ СВИДЕТЕЛИ ИЕГОВЫ ТАГАНРОГ
625,МЕСТНАЯ РЕЛИГИОЗНАЯ ОРГАНИЗАЦИЯ СВИДЕТЕЛИ ИЕГОВЫ ТРАКТОРОЗАВОДСКОГО РАЙОНА Г. ВОЛГОГРАДА
626,"МЕСТНАЯ РЕЛИГИОЗНАЯ ОРГАНИЗАЦИЯ СВИДЕТЕЛИ ИЕГОВЫ ""УДАЧНЫЙ"""
627,МЕСТНАЯ РЕЛИГИОЗНАЯ ОРГАНИЗАЦИЯ СЛАВЯНСКАЯ ОБЩИНА КАПИЩА ВЕДЫ ПЕРУНА ДУХОВНОГО УПРАВЛЕНИЯ АСГАРДСКОЙ ВЕСИ БЕЛОВОДЬЯ ДРЕВНЕРУССКОЙ ИНГЛИИСТИЧЕСКОЙ ЦЕРКВИ ПРАВОСЛАВНЫХ СТАРОВЕРОВ-ИНГЛИНГОВ
628,МЕСТНАЯ ХРИСТИАНСКАЯ РЕЛИГИОЗНАЯ ОРГАНИЗАЦИЯ СВИДЕТЕЛЕЙ ИЕГОВЫ Г. ЛИПЕЦКА
629,МЕСТНАЯ ХРИСТИАНСКАЯ РЕЛИГИОЗНАЯ ОРГАНИЗАЦИЯ СВИДЕТЕЛЕЙ ИЕГОВЫ Г. СЕВАСТОПОЛЯ
630,"МЕСТНАЯ ХРИСТИАНСКАЯ РЕЛИГИОЗНАЯ ОРГАНИЗАЦИЯ СВИДЕТЕЛЕЙ ИЕГОВЫ ""ЗАРЕЧНАЯ НОВОСИБИРСК"""
631,"МЕСТНАЯ ХРИСТИАНСКАЯ РЕЛИГИОЗНАЯ ОРГАНИЗАЦИЯ СВИДЕТЕЛЕЙ ИЕГОВЫ ""КУЙБЫШЕВ"""
632,МЕСТНАЯ ХРИСТИАНСКАЯ РЕЛИГИОЗНАЯ ОРГАНИЗАЦИЯ СВИДЕТЕЛЕЙ ИЕГОВЫ ПРИМОРСКОЕ
633,МОКШАНСКИЙ НАЦИОНАЛЬНЫЙ КОМИТЕТ  (КОМИТЕТ ПРЕДСТАВИТЕЛЕЙ НАРОДА МОКША В ЭМИГРАЦИИ)
634,МОПД КАВКАЗСКИЙ СОЮЗ*
635,МУДЖАХЕДЫ ДЖАМААТА АТ-ТАВХИДА ВАЛЬ-ДЖИХАД*
636,МУСУЛЬМАНСКАЯ РЕЛИГИОЗНАЯ ГРУППА П. КУШКУЛЬ Г. ОРЕНБУРГ*
637,НАБЕРЕЖНОЧЕЛНИНСКОЕ ОТДЕЛЕНИЕ ТАТАРСТАНСКОГО РЕГИОНАЛЬНОГО ВСЕТАТАРСКОГО ПОЛИТИЧЕСКОГО ОБЩЕСТВЕННОГО ДВИЖЕНИЯ (РЕВТАТПОД) - ВСЕТАТАРСКОГО ОБЩЕСТВЕННОГО ЦЕНТРА (ВТОЦ)
638,НАЦИОНАЛИСТИЧЕСКАЯ ГРУППИРОВКА ЧЕРНЫЙ КОМИТЕТ  (Чорний Комiтет)
639,НАЦИОНАЛИСТИЧЕСКАЯ ОРГАНИЗАЦИЯ РУССКИЙ ДОБРОВОЛЬЧЕСКИЙ КОРПУС*
640,НАЦИОНАЛИСТИЧЕСКОЕ ДВИЖЕНИЕ ПРОЕКТ ШТУРМ
641,НАЦИОНАЛИСТИЧЕСКОЕ ОБЪЕДИНЕНИЕ ДОБРОВОЛЬЧЕСКОЕ ДВИЖЕНИЕ ОРГАНИЗАЦИИ УКРАИНСКИХ НАЦИОНАЛИСТОВ  (Добровольчий Рух Организацii украiнських националiстiв)
642,НАЦИОНАЛЬНОЕ ДВИЖЕНИЕ ТУСГААР БУРЯАД-МОНГОЛИЯ
643,НАЦИОНАЛЬНО-ОСВОБОДИТЕЛЬНОЕ ДВИЖЕНИЕ УДМУРТСКОЙ РЕСПУБЛИКИ СЬОД ЮСЬ*
644,НЕЗАВИСИМОЕ ПРАВИТЕЛЬСТВО ТАТАРСТАНА (В ИЗГНАНИИ)*
645,НЕЗАВИСИМОЕ ПРАВИТЕЛЬСТВО ТАТАРСТАНА (В ИЗГНАНИИ)
646,НЕКОММЕРЧЕСКАЯ ОРГАНИЗАЦИЯ ФОНД БОРЬБЫ С КОРРУПЦИЕЙ
647,НЕКОММЕРЧЕСКАЯ ОРГАНИЗАЦИЯ ФОНД ЗАЩИТЫ ПРАВ ГРАЖДАН
648,НЕФОРМАЛЬНАЯ МОЛОДЕЖНАЯ ОРГАНИЗАЦИЯ ОМСКОЕ СЛАВЯНСКОЕ ОБЪЕДИНЕНИЕ  (ОМСКОЕ СЛАВЯНСКОЕ ОБЪЕДИНЕНИЕ)
649,НЕФОРМАЛЬНОЕ МОЛОДЕЖНОЕ ОБЪЕДИНЕНИЕ «Н.О.Р.Д.»  (НАРОДНОЕ ОБЪЕДИНЕНИЕ РУССКОГО ДВИЖЕНИЯ; НАРОДНОЕ ОБЪЕДИНЕНИЕ РУССКОГО ДВИЖЕНИЯ - Н.О.Р.Д.)
650,НЕФОРМАЛЬНОЕ МОЛОДЕЖНОЕ ОБЪЕДИНЕНИЕ ФУТБОЛЬНЫХ ФАНАТОВ ИРТЫШ ULTRAS  (BRUTAL JOKERS; FLUSS GEBOREN; IRTYSH BLTRAS)
651,НЕФОРМАЛЬНОЕ ОБЪЕДИНЕНИЕ КОРЕННЫХ МАЛОЧИСЛЕННЫХ НАРОДОВ СЕВЕРА АБОРИГЕН ФОРУМ  (КМНС АБОРИГЕН ФОРУМ)
652,НОГАЙСКОЕ НАЦИОНАЛЬНОЕ ДВИЖЕНИЕ ЗА РУБЕЖОМ
653,НПО ГЕРМАНСКОЕ ОБЩЕСТВО ВОСТОЧНО-ЕВРОПЕЙСКИХ ИССЛЕДОВАНИЙ ГОВИ
654,НПО ФИННО-УГРИЯ (ТАЛЛИН)
655,ОБОСОБЛЕННОЕ БОЕВОЕ ПОДРАЗДЕЛЕНИЕ МЕЖДУНАРОДНОЙ ТЕРРОРИСТИЧЕСКОЙ ОРГАНИЗАЦИИ ИСЛАМСКОЕ ГОСУДАРСТВО ДЖАМААТ ИСЛАМСКАЯ БАККИЯ*
656,ОБЩЕРОССИЙСКАЯ ПОЛИТИЧЕСКАЯ ПАРТИЯ ВОЛЯ
657,ОБЩЕСТВЕННАЯ ОРГАНИЗАЦИЯ ANTISOCIAL DISTANCING*  (ОБЩЕСТВЕННАЯ ОРГАНИЗАЦИЯ АНТИСОЦИАЛЬНОЕ ДИСТАНЦИРОВАНИЕ)
658,ОБЩЕСТВЕННАЯ ОРГАНИЗАЦИЯ НОГАЙ ЭЛ
659,ОБЩЕСТВЕННАЯ ОРГАНИЗАЦИЯ ОМСКОЕ ГРАЖДАНСКОЕ ОБЪЕДИНЕНИЕ
660,ОБЩЕСТВЕННАЯ ОРГАНИЗАЦИЯ СИЧ-С14  (ГО С14; Громадська органiзацiя СIЧ-C14; Основа Майбутнього; Слава и Честь)
661,ОБЩЕСТВЕННАЯ ОРГАНИЗАЦИЯ ЧЕРКЕССКИЙ КОМИТЕТ (КОНГРЕСС)
662,ОБЩЕСТВЕННОЕ ДВИЖЕНИЕ TULASKINS
663,ОБЩЕСТВЕННОЕ ДВИЖЕНИЕ КОМИТЕТ ИНГУШСКОЙ НЕЗАВИСИМОСТИ
664,ОБЩЕСТВЕННОЕ ДВИЖЕНИЕ СВОБОДНЫЙ ИДЕЛЬ-УРАЛ
665,ОБЩЕСТВЕННОЕ ДВИЖЕНИЕ ШТАБЫ НАВАЛЬНОГО
666,ОБЩЕСТВЕННОЕ ДВИЖЕНИЕ ШТОЛЬЦ  (ШТОЛЬЦ ДАЛЬНИЙ ВОСТОВ; ШТОЛЬЦ ХАБАРОВСК; ШТОЛЬЦ-ЮГЕНТ)
667,ОБЩЕСТВЕННОЕ НЕЗАРЕГИСТРИРОВАННОЕ ОБЪЕДИНЕНИЕ ГРУППА РАДА ЗЕМЛИ КУБАНСКОЙ ДУХОВНО РОДОВОЙ ДЕРЖАВЫ РУСЬ
668,ОБЩЕСТВЕННОЕ ОБЪЕДИНЕНИЕ W.H.C.  (SIBERIAN FRONT; WHITE HARDCOR CATS; WHITE HOOLIGANS CAPITAL; БЕЛЫЕ ХУЛИГАНЫ СТОЛИЦЫ; СИБИРСКИЙ ФРОНТ)
669,ОБЩЕСТВЕННОЕ ОБЪЕДИНЕНИЕ АХТУБИНСКОЕ НАРОДНОЕ ДВИЖЕНИЕ К БОГОДЕРЖАВИЮ
670,ОБЩЕСТВЕННОЕ ОБЪЕДИНЕНИЕ ВЕРХОВНЫЙ СОВЕТ ТАТАРСКОЙ АВТОНОМНОЙ СОВЕТСКОЙ СОЦИАЛИСТИЧЕСКОЙ РЕСПУБЛИКИ  (Верховный Совет ТАССР; Верховный Совет Татарской АССР/РСФСР/СССР)
671,ОБЩЕСТВЕННОЕ ОБЪЕДИНЕНИЕ ИСПОЛНИТЕЛЬНЫЙ КОМИТЕТ СОВЕТА НАРОДНЫХ ДЕПУТАТОВ КРАСНОЯРСКОГО КРАЯ
672,ОБЩЕСТВЕННОЕ ОБЪЕДИНЕНИЕ КОМИТЕТ НАЦИЯ И СВОБОДА
673,ОБЩЕСТВЕННОЕ ОБЪЕДИНЕНИЕ КОНГРЕСС ОЙРАТ-КАЛМЫЦКОГО НАРОДА
674,ОБЩЕСТВЕННОЕ ОБЪЕДИНЕНИЕ КУРСОМ ПРАВДЫ И ЕДИНЕНИЯ  (ВСЕРОССИЙСКАЯ ПОЛИТИЧЕСКАЯ ПАРТИЯ КУРСОМ ПРАВДЫ И ЕДИНЕНИЯ; ПОЛИТИЧЕСКАЯ ПАРТИЯ КУРСОМ ПРАВДЫ И ЕДИНЕНИЯ; РОССИЙСКОЕ ОБЩЕНАРОДНОЕ ДВИЖЕНИЕ КУРСОМ ПРАВДЫ И ЕДИНЕНИЯ)
675,ОБЩЕСТВЕННОЕ ОБЪЕДИНЕНИЕ МЕДЖЛИС КРЫМСКОТАТАРСКОГО НАРОДА
676,ОБЩЕСТВЕННОЕ ОБЪЕДИНЕНИЕ НАРОДНОЕ ДВИЖЕНИЕ NIYSO  (ОБЩЕСТВЕННОЕ ОБЪЕДИНЕНИЕ НАРОДНОЕ ДВИЖЕНИЕ НИЙСО)
677,ОБЩЕСТВЕННОЕ ОБЪЕДИНЕНИЕ НАРОДНОЕ ДВИЖЕНИЕ АДАТ
678,ОБЩЕСТВЕННОЕ ОБЪЕДИНЕНИЕ НАРОДНЫЙ СОВЕТ ГРАЖДАН РСФСР СССР АРХАНГЕЛЬСКОЙ ОБЛАСТИ
679,ОБЩЕСТВЕННОЕ ОБЪЕДИНЕНИЕ НАРОДНЫЙ СОВЕТ ГРАЖДАН СССР/РСФСР АМУРСКОЙ ОБЛАСТИ  (НАРОДНЫЙ СОВЕТ АМУРСКОЙ ОБЛАСТИ; НАРОДНЫЙ СОВЕТ АМУРСКОЙ ОБЛАСТИ НА ТЕРРИТОРИИ АМУРСКОЙ ОБЛАСТИ РСФСР В СОСТАВЕ СССР)
680,ОБЩЕСТВЕННОЕ ОБЪЕДИНЕНИЕ НЕВОГРАД  (FIRSTLINENEVOGRAD; БТО-НЕВОГРАД; НЕВАГРАД; НЕВОГРАД FIRST LINE; НЕВОГРАД ФЁСТ ЛАЙН; НЕВОГРАД-2; ФЕРСТ ЛАЙН-НЕВОГРАД)
681,ОБЩЕСТВЕННОЕ ОБЪЕДИНЕНИЕ ОМСКАЯ ОРГАНИЗАЦИЯ ОБЩЕСТВЕННОГО ПОЛИТИЧЕСКОГО ДВИЖЕНИЯ РУССКОЕ НАЦИОНАЛЬНОЕ ЕДИНСТВО
682,ОБЩЕСТВЕННОЕ ОБЪЕДИНЕНИЕ РОССИЯ КОРЕННЫХ НАРОДОВ  (INDIGENOUS RUSSIA; МЕЖДУНАРОДНЫЙ КОМИТЕТ КОРЕННЫХ НАРОДОВ)
683,ОБЩЕСТВЕННОЕ ОБЪЕДИНЕНИЕ СОВЕТ ГРАЖДАН СССР ПРИКУБАНСКОГО ОКРУГА
684,ОБЩЕСТВЕННОЕ ОБЪЕДИНЕНИЕ СОЮЗ СОВЕТСКИХ СОЦИАЛИСТИЧЕСКИХ РЕСПУБЛИК – ОБНОВЛЕННАЯ ФЕДЕРАЦИЯ РАВНОПРАВНЫХ СУВЕРЕННЫХ СОЦИАЛИСТИЧЕСКИХ РЕСПУБЛИК СЕКРЕТАРИАТ ПРЕЗИДИУМА ВЕРХОВНОГО СОВЕТА СССР  (ПВС РСФСР; ПРЕЗИДИУМ ВЕРХОВНОГО СОВЕТА СССР)
685,ОБЩЕСТВЕННОЕ ОБЪЕДИНЕНИЕ ТАТАРСТАНСКОЕ РЕГИОНАЛЬНОЕ ВСЕТАТАРСКОЕ ОБЩЕСТВЕННОЕ ДВИЖЕНИЕ – ВСЕТАТАРСКИЙ ОБЩЕСТВЕННЫЙ ЦЕНТР
686,ОБЩЕСТВЕННОЕ ОБЪЕДИНЕНИЕ ФОНД СОВЕТ ОБЪЕДИНЕННОЙ ЧЕРКЕСИИ  (THE COUNCIL OF UNITED CIRCASSIA)
687,ОБЩЕСТВЕННОЕ ОБЪЕДИНЕНИЕ ФУТБОЛЬНЫХ БОЛЕЛЬЩИКОВ АВТОГРАД КРЮ  (AUTOGRAD CREW; BLUE WHITE CREW; KAMAZ ULTRAS)
688,ОБЩЕСТВЕННОЕ ОБЪЕДИНЕНИЕ ФУТБОЛЬНЫХ БОЛЕЛЬЩИКОВ СЕКТОР 16 БУГУЛЬМИНСКОГО МУНИЦИПАЛЬНОГО РАЙОНА РЕСПУБЛИКИ ТАТАРСТАН  (BUGULMA ULTRAS; С-16)
689,ОБЩЕСТВЕННОЕ ОБЪЕДИНЕНИЕ ФУТБОЛЬНЫХ ФАНАТОВ КИБОРГИ
690,ОБЩЕСТВЕННОЕ ОБЪЕДИНЕНИЕ ЭТНИЧЕСКОЕ НАЦИОНАЛЬНОЕ ОБЪЕДИНЕНИЕ  (Э.Н.О.; ЭНО)
691,ОБЩЕСТВЕННОЕ ОБЪЕДИНЕНИЕ ЯНАРЫШ ТАТАР ХАЛЫК ПАРТИЯСЕ  (ТАТАРСКАЯ НАРОДНАЯ ПАРТИЯ ВОЗРОЖДЕНИЕ)
692,ОБЩЕСТВЕННО-ПОЛИТИЧЕСКОЕ ДВИЖЕНИЕ КАВКАЗСКИЙ СОЮЗ
693,ОБЩЕСТВЕННЫЙ КОМИТЕТ REPATRIA*
694,ОБЩЕСТВЕННЫЙ СОЮЗ МЕЖДУНАРОДНОЕ ОБЩЕСТВЕННОЕ ДВИЖЕНИЕ АЛЛАТРА
695,ОБЩЕСТВО ВОЗРОЖДЕНИЯ ИСЛАМСКОГО НАСЛЕДИЯ (ДЖАМИЯТ ИХЬЯ АТ-ТУРАЗ АЛЬ-ИСЛАМИ)*
696,ОБЩЕСТВО СОЦИАЛЬНЫХ РЕФОРМ (ДЖАМИЯТ АЛЬ-ИСЛАХ АЛЬ-ИДЖТИМАИ)*
697,ОБЩИНА КОРЕННОГО РУССКОГО НАРОДА ГОРОДА АСТРАХАНИ АСТРАХАНСКОЙ ОБЛАСТИ
698,ОБЩИНА КОРЕННОГО РУССКОГО НАРОДА ЩЕЛКОВСКОГО РАЙОНА МОСКОВСКОЙ ОБЛАСТИ
699,ОБЪЕДИНЕНИЕ АБОРИГЕН ФОРУМ*
700,ОБЪЕДИНЕНИЕ АЗАТЛЫК/СВОБОДА*
701,ОБЪЕДИНЕНИЕ АЛАНСКАЯ ТЮРКСКАЯ ПЛАТФОРМА*
702,ОБЪЕДИНЕНИЕ ВЯТСКАЯ РЕСПУБЛИКА*
703,ОБЪЕДИНЕНИЕ ДОБРОВОЛЬЧЕСКИЙ УКРАИНСКИЙ КОРПУС ПРАВЫЙ СЕКТОР*
704,ОБЪЕДИНЕНИЕ НЕЗАВИСИМАЯ ВЕПСИЯ*
705,ОБЪЕДИНЕНИЕ НЕНЕЦКАЯ ФЕДЕРАЦИЯ*  (ОБЪЕДИНЕНИЕ НЕНЕЦКАЯ РЕСПУБЛИКА)
706,ОБЪЕДИНЕНИЕ ПЕРМЬ ВЕЛИКАЯ*
707,ОБЪЕДИНЕНИЕ РОК-ГРУППА ANTISOCIAL DISTANCING*  (ОБЪЕДИНЕНИЕ РОК-ГРУППА АНТИСОЦИАЛЬНОЕ ДИСТАНЦИРОВАНИЕ)
708,ОБЪЕДИНЕНИЕ СТАВРОПОЛЬСКАЯ РЕСПУБЛИКА*
709,ОБЪЕДИНЕНИЕ ЧЛЕНАМИ КОТОРОГО ЯВЛЯЮТСЯ: АХМЕТОВ РИНАТ ЛЕОНИДОВИЧ 21.09.1966 Г.Р. ГУМЕНЮК ИГОРЬ НИКОЛАЕВИЧ 21.04.1961 Г.Р. САКОВИЧ ЕВГЕНИЙ АНАТОЛЬЕВИЧ 01.11.1957 Г.Р. СПИВАК ЕВГЕНИЙ ЛЕОНИДОВИЧ 01.06.1957 Г.Р. ЛОГВИНОВ НИКОЛАЙ ПАВЛОВИЧ 18.12.1953 Г.Р. КУХТИН МИХАИЛ АНАТОЛЬЕВИЧ 20.02.1965 Г.Р. ГОРЛАНОВ СЕРГЕЙ ВИКТОРОВИЧ 16.11.1975 Г.Р. ЦУКАНОВ БОРИС БОРИСОВИЧ 03.02.1986 Г.Р.
710,ОБЪЕДИНЕНИЕ ЧЛЕНАМИ КОТОРОГО ЯВЛЯЮТСЯ: БОНДАРЕВА НАТАЛЬЯ ВЛАДИМИРОВНА 10.11.1961 ГОДА РОЖДЕНИЯ УРОЖЕНКА Г. ГОРЛОВКА ДОНЕЦКОЙ НАРОДНОЙ РЕСПУБЛИКИ НЕЧИТАЙЛО СВЯТОСЛАВ ИГОРЕВИЧ 29.05.1974 ГОДА РОЖДЕНИЯ УРОЖЕНЕЦ Г. ГОРЛОВКА ДОНЕЦКОЙ НАРОДНОЙ РЕСПУБЛИКИ МОКЛЯК ЮРИЙ АЛЕКСАНДРОВИЧ 13.01.1976 ГОДА РОЖДЕНИЯ УРОЖЕНЕЦ Г. КЕРЧЬ КРЫМСКОЙ ОБЛАСТИ СССР ОБЩЕСТВО С ОГРАНИЧЕННОЙ ОТВЕТСТВЕННОСТЬЮ БАЯДЕРА ХОЛДИНГ (СТРАНА ИНКОРПОРАЦИИ - УКРАИНА ДАТА РЕГИСТРАЦИИ 20.02.2007 РЕГИСТРАЦИОННЫЙ НОМЕР (ЕГРПОУ) - 34928643)
711,ОБЪЕДИНЕНИЕ ЧЛЕНАМИ КОТОРОГО ЯВЛЯЮТСЯ: ГЕРЕГА АЛЕКСАНДР ВЛАДИМИРОВИЧ 27.06.1967 Г.Р. ГЕРЕГА ГАЛИНА ФЕДОРОВНА 09.08.1959 Г.Р. ГАЛЬЧУК ГЕННАДИЙ ПЕТРОВИЧ 06.04.1973 Г.Р. ЛЮБЧИК СЕРГЕЙ МИХАЙЛОВИЧ 16.04.1972 Г.Р.
712,ОБЪЕДИНЕНИЕ ЧЛЕНАМИ КОТОРОГО ЯВЛЯЮТСЯ: ДРОБОТ ВЛАДИМИР ИВАНОВИЧ РОДИВШИЙСЯ 06.07.1964 ДРОБОТ АНАТОЛИЙ ИВАНОВИЧ РОДИВШИЙСЯ 29.04.1968
713,ОБЪЕДИНЕНИЕ ЧЛЕНАМИ КОТОРОГО ЯВЛЯЮТСЯ: ЕФИМЕНКО КОНСТАНТИН АЛЕКСЕЕВИЧ РОДИВШИЙСЯ 26.06.1975 ГОДА В Г. БЕЛАЯ ЦЕРКОВЬ КИЕВСКОЙ ОБЛАСТИ УКРАИНЫ АНДРЕЕВА ЕЛИЗАВЕТА НИКОЛАЕВНА РОДИВШАЯСЯ 25.02.1980 ГОДА В Г. БЕЛАЯ ЦЕРКОВЬ КИЕВСКОЙ ОБЛАСТИ УКРАИНЫ
714,ОБЪЕДИНЕНИЕ ЧЛЕНАМИ КОТОРОГО ЯВЛЯЮТСЯ: КОЛОМОЙСКИЙ ИГОРЬ ВАЛЕРЬЕВИЧ РОДИВШИЙСЯ 13.02.1963 В Г. ДНЕПРОПЕТРОВСКЕ ДНЕПРОПЕТРОВСКОЙ ОБЛАСТИ УКРАИНЫ ШИТОВ ПАВЕЛ НИКОЛАЕВИЧ РОДИВШИЙСЯ 08.02.1972 В Г. САФОНОВ СМОЛЕНСКОЙ ОБЛАСТИ КОМПАНИЯ «ДЖЕЙ КЕЙ ИКС ОЙЛ ЭНД ГЭС ЛИМИТЕД» (JKX OIL & GAS LIMITED СТРАНА РЕГИСТРАЦИИ - ВЕЛИКОБРИТАНИЯ ДАТА РЕГИСТРАЦИИ - 27.04.1995 РЕГИСТРАЦИОННЫЙ НОМЕР - 03050645)
715,ОБЪЕДИНЕНИЕ ЧЛЕНАМИ КОТОРОГО ЯВЛЯЮТСЯ НЕВЗОРОВ АЛЕКСАНДР ГЛЕБОВИЧ 03.08.1958 ГОДА РОЖДЕНИЯ УРОЖЕНЕЦ ГОРОДА ЛЕНИНГРАДА НЕВЗОРОВА ЛИДИЯ АЛЕКСЕЕВНА 29.03.1973 ГОДА РОЖДЕНИЯ УРОЖЕНКА ГОРОДА ЛЕНИНГРАДА
716,ОБЪЕДИНЕНИЕ ЧЛЕНАМИ КОТОРОГО ЯВЛЯЮТСЯ: ПОРОШЕНКО ПЕТР АЛЕКСЕЕВИЧ РОДИВШИЙСЯ 26.09.1965 Г.Р. В Г. БОЛГРАД ОДЕССКОЙ ОБЛАСТИ УКРАИНСКОЙ ССР ПОРОШЕНКО АЛЕКСЕЙ ПЕТРОВИЧ РОДИВШИЙСЯ 06.03.1985 Г.Р. В Г. КИЕВ УКРАИНСКОЙ ССР КАЗАКОВ ОЛЕГ ЛЕОНИДОВИЧ РОДИВШИЙСЯ 31.05.1967 Г.Р. В Г. САНКТ-ПЕТЕРБУРГЕ
717,ОБЪЕДИНЕНИЕ ЧЛЕНАМИ КОТОРОГО ЯВЛЯЮТСЯ: ЧЕРНЯК ЕВГЕНИЙ АЛЕКСАНДРОВИЧ 12.04.1969 ГОДА РОЖДЕНИЯ УРОЖЕНЕЦ Г. ЗАПОРОЖЬЕ УКРАИНСКОЙ ССР; БЕСПАЛОВ АЛЕКСАНДР СТЕПАНОВИЧ 10.08.1984 ГОДА РОЖДЕНИЯ УРОЖЕНЕЦ Г. НОЙШТРЕЛЕТИ ГЕРМАНИЯ; ЛАЗУТИН АНДРЕЙ АНДРЕЕВИЧ 20.03.1974 ГОДА РОЖДЕНИЯ УРОЖЕНЕЦ С. ТОПОЛИ ТИМАШЕВСКОГО РАЙОНА КРАСНОДАРСКОГО КРАЯ; КУРБАКОВ ИВАН МИХАЙЛОВИЧ 07.03.1959 ГОДА РОЖДЕНИЯ УРОЖЕНЕЦ Д. АЛЕКСЕЕВКА ЧЕРЕМИСИНОВСКОГО РАЙОНА КУРСКОЙ ОБЛАСТИ
718,ОБЪЕДИНЕНИЕ ЧЛЕНАМИ КОТОРОГО ЯВЛЯЮТСЯ:ШЕФЛЕР ЮРИЙ ВИКТОРОВИЧ10.09.1967Г.Р.УРОЖ.Г.ОРЕЛ;ЧАСТНАЯ АКЦИОНЕРНАЯ КОМПАНИЯ С ОГРАНИЧЕННОЙ ОТВЕТСТВЕННОСТЬЮ АМБЕР БЕВЕРЕДЖ ГРУП ХОЛДИНГ С.А.Р.Л.(AMBER BEVERAGE GROUP HOLDING S.A.R.L.СТРАНА-ВЕЛИКОЕ ГЕРЦОГСТВО ЛЮКСЕМБУРГДАТА РЕГ.-03.10.2017РЕГ.НОМЕР-В218246);ЧАСТНАЯ АКЦИОНЕРНАЯ КОМПАНИЯ С ОГРАНИЧЕННОЙ ОТВЕТСТВЕННОСТЬЮ СТОЛИ ГРУП С.А.Р.Л.(STOLI GROUP S.A.R.L.СТРАНА-ВЕЛИКОЕ ГЕРЦОГСТВО ЛЮКСЕМБУРГДАТА РЕГ.-09.01.2007РЕГ.НОМЕР-В123116)
719,ОБЪЕДИНЕНИЕЧЛЕНАМИ КОТОРОГО ЯВЛЯЮТСЯ:КОЛЕСНИКОВ БОРИС ВИКТОРОВИЧРОД.25.10.1962 В Г.ДОНЕЦКЕАХМЕТОВ РИНАТ ЛЕОНИДОВИЧРОД.21.09.1966 В Г.ДОНЕЦКЕАХМЕТОВА-АЙДАРОВА ТАТЬЯНА ИГОРЕВНА28.06.1983КИЙ СЕРГЕЙ ВИКТОРОВИЧРОД.21.12.1969 В Г.СУСУМАН МАГАДАНСКОЙ ОБЛ.ТАКТАШЕВ РЕНАТ ЖИГАНОВИЧРОД.24.07.1986 В Г.МОСКВЕТАКТАШЕВА РАИСА САИТОВНАРОД.20.06.1960 В Г.ДОНЕЦКЕТАКТАШЕВА ЭЛЬМИРА ЖИГАНОВНАРОД.03.05.1984 В П.МОСРЕНТГЕН ЛЕНИНСКОГО Р-НА МОСКОВСКОЙ ОБЛ.ЧЕРТКОВ ЮРИЙ ДМИТРИЕВИЧРОД.16.05.1962 В Г.ДОНЕЦКЕ
720,ОБЪЕДИНЕННЫЙ ВИЛАЙАТ КАБАРДЫ БАЛКАРИИ И КАРАЧАЯ
721,ОРГАНИЗАЦИЯ МЕЖРЕГИОНАЛЬНОЕ НАЦИОНАЛ-РАДИКАЛЬНОЕ ОБЪЕДИНЕНИЕ MISANTHROPIC DIVISION  (Md; Misanthropic Division MD; МИЗАНТРОПИК ДИВИЖН)
722,ОРГАНИЗАЦИЯ ПРАВАЯ МОЛОДЕЖЬ*
723,ОРГАНИЗАЦИЯ СУД ИМ. АРХИСТРАТИГА МИХАИЛА*
724,ОРГАНИЗАЦИЯ ФУТБОЛЬНЫХ БОЛЕЛЬЩИКОВ ТОЙС  (T.O.Y.S; THE OPPOSITION YOUNG SUPPORTERS)
725,ОРГАНИЗАЦИЯ ФУТБОЛЬНЫХ БОЛЕЛЬЩИКОВ ФИРМА ФУТБОЛЬНЫХ ФАНАТОВ ПОКОЛЕНИЕ
726,ОРГАНИЗАЦИЯ ЧАСТНЫЙ СУД КЕБЕ*
727,ОСВОБОДИТЕЛЬНОЕ ДВИЖЕНИЕ СВОБОДНАЯ УДМУРТИЯ
728,ОТДЕЛЬНЫЙ БАТАЛЬОН ОСОБОГО НАЗНАЧЕНИЯ ВС ЧРИ*
729,ПАРТИЗАНСКОЕ ДВИЖЕНИЕ СКРЕПАЧЪ*
730,ПАРТИЯ ИСЛАМСКОГО ВОЗРОЖДЕНИЯ ТАДЖИКИСТАНА (РЕСПУБЛИКА ТАДЖИКИСТАН)*  (ПИВТ)
731,ПАРТИЯ ИСЛАМСКОГО ОСВОБОЖДЕНИЯ (ХИЗБ УТ-ТАХРИР АЛЬ-ИСЛАМИ)*
732,ПОЛИТИЧЕСКОЕ ДВИЖЕНИЕ ЧЕРКЕССКИЙ КОНГРЕСС*
733,ПОМОРСКАЯ СЛОБОДА  (ПОМОРСКАЯ БЬАРМИЯ)
734,ПРАВИТЕЛЬСТВО НЕЗАВИСИМОЙ НОГАЙСКОЙ РЕСПУБЛИКИ
735,ПРАВИТЕЛЬСТВО ЧЕЧЕНСКОЙ РЕСПУБЛИКИ ИЧКЕРИЯ В ИЗГНАНИИ*
736,ПРАВИТЕЛЬСТВО ЧЕЧЕНСКОЙ РЕСПУБЛИКИ ИЧКЕРИЯ В ИЗГНАНИИ
737,ПРАВОЗАЩИТНАЯ ОРГАНИЗАЦИЯ ЦЕНТР ПРАВ ЧЕЛОВЕКА ИЧКЕРИЯ  (HRCI; HUMAN RIGHTS CENTER ICHKERIA)
738,ПРАВОСЛАВНАЯ РЕЛИГИОЗНАЯ ГРУППА В ЧЕСТЬ ИКОНЫ БОЖИЕЙ МАТЕРИ ДЕРЖАВНАЯ
739,ПРИМОРСКАЯ РЕГИОНАЛЬНАЯ ПРАВОЗАЩИТНАЯ ОБЩЕСТВЕННАЯ ОРГАНИЗАЦИЯ СОЮЗ СЛАВЯН
740,ПРОЕКТ AFTER EMPIRE/ПОСЛЕ ИМПЕРИИ*
741,ПРОЕКТ ДЕЛИМАЯ РОССИЯ*
742,ПРОЕКТ ЕВРЕЙСКАЯ РЕСПУБЛИКА*
743,ПРОЕКТ НЕЗАВИСИМАЯ КУБАНСКАЯ НАРОДНАЯ РЕСПУБЛИКА*
744,РЕВОЛЮЦИОННОЕ ДВИЖЕНИЕ ПРАВО СИЛЫ*
745,РЕГИОНАЛЬНОЕ ДВИЖЕНИЕ СВОБОДНАЯ КАРЕЛИЯ  (СВОБОДНАЯ КАРЕЛИЯ)
746,РЕГИОНАЛЬНОЕ ОБЩЕСТВЕННОЕ ОБЪЕДИНЕНИЕ НАЦИОНАЛ-СОЦИАЛИСТИЧЕСКАЯ РАБОЧАЯ ПАРТИЯ РОССИИ (НСРПР)
747,РЕГИОНАЛЬНОЕ ОБЩЕСТВЕННОЕ ОБЪЕДИНЕНИЕ РУССКИЙ ПАТРИОТИЧЕСКИЙ КЛУБ-НОВОКУЗНЕЦК  (РПК)
748,РЕГИОНАЛЬНОЕ ОБЩЕСТВЕННОЕ ОБЪЕДИНЕНИЕ РУССКОЕ НАЦИОНАЛЬНОЕ ОБЪЕДИНЕНИЕ АТАКА
749,РЕГИОНАЛЬНЫЙ ОБЩЕСТВЕННЫЙ ФОНД СОДЕЙСТВИЯ НАЦИОНАЛЬНОМУ САМООПРЕДЕЛЕНИЮ НАРОДОВ МИРА НЕЗАВИСИМОСТЬ
750,РЕЛИГИОЗНАЯ ГРУППА БЛАГОРОДНЫЙ ОРДЕН ДЬЯВОЛА
751,РЕЛИГИОЗНАЯ ГРУППА ДЖАМААТ КРАСНЫЙ ПАХАРЬ*
752,РЕЛИГИОЗНАЯ ГРУППА КРАСНОДАРСКАЯ ПРАВОСЛАВНАЯ СЛАВЯНСКАЯ ОБЩИНА ВЕК РА (ВЕДИЧЕСКОЙ КУЛЬТУРЫ РОССИЙСКИХ АРИЕВ) СКИФСКОЙ ВЕСИ РАССЕНИИ
753,РЕЛИГИОЗНАЯ ГРУППА МОЛЕЛЬНЫЙ ДОМ МЕЧЕТЬ МИРМАМЕДА
754,РЕЛИГИОЗНАЯ ГРУППА СОКОЛОВА О.В. РУССКИХ В.В. И ПЕТИНА А.Г. ИСПОВЕДУЮЩАЯ КУЛЬТИВИРУЮЩАЯ И РАСПРОСТРАНЯЮЩАЯ ИДЕИ ДОКТРИНЫ ДРЕВНЕРУССКОЙ ИНГЛИИСТИЧЕСКОЙ ЦЕРКВИ ПРАВОСЛАВНЫХ СТАРОВЕРОВ-ИНГЛИНГОВ
755,РЕЛИГИОЗНАЯ ГРУППА ФАЙЗРАХМАНИСТЫ
756,РЕЛИГИОЗНАЯ ОРГАНИЗАЦИЯ МУЖСКАЯ ДУХОВНАЯ СЕМИНАРИЯ ДУХОВНОЕ УЧРЕЖДЕНИЕ ПРОФЕССИОНАЛЬНОГО РЕЛИГИОЗНОГО ОБРАЗОВАНИЯ ДРЕВНЕРУССКОЙ ИНГЛИИСТИЧЕСКОЙ ЦЕРКВИ ПРАВОСЛАВНЫХ СТАРОВЕРОВ-ИНГЛИНГОВ
757,РЕЛИГИОЗНАЯ ОРГАНИЗАЦИЯ СВИДЕТЕЛЕЙ ИЕГОВЫ Г. ТУЛЫ
758,РЕЛИГИОЗНАЯ ОРГАНИЗАЦИЯ УПРАВЛЕНЧЕСКИЙ ЦЕНТР СВИДЕТЕЛЕЙ ИЕГОВЫ В РОССИИ
759,РЕЛИГИОЗНОЕ ОБЪЕДИНЕНИЕ АУМ СИНРИКЕ*  (AUM SHINRIKYO AUM ALEPH)
760,РЕЛИГИОЗНОЕ ОБЪЕДИНЕНИЕ КАРАКОЛЬСКАЯ ИНИЦИАТИВНАЯ ГРУППА  (JAНЫ АЛТАЙ - ДВИЖЕНИЕ; АК JAН; АК-ДЯН; АЛТАЙ JAН АК JAН; АЛТАЙ ДЯН АК ДЯН; АЛТАЙСКАЯ ВЕРА БЕЛАЯ ВЕРА; БЕЛАЯ ВЕРА)
761,РЕЛИГИОЗНОЕ ОБЪЕДИНЕНИЕ ПОСЛЕДОВАТЕЛЕЙ ИНГЛИИЗМА В СТАВРОПОЛЬСКОМ КРАЕ
762,РЕСПУБЛИКА КУМУКИЯ*
763,РОССИЙСКОЕ СТРУКТУРНОЕ ПОДРАЗДЕЛЕНИЕ МЕЖДУНАРОДНОГО ТЕРРОРИСТИЧЕСКОГО СООБЩЕСТВА АУМ СИНРИКЕ*
764,РОТА БАШКОРТ*
765,РОХНАМО БА СУИ ДАВЛАТИ ИСЛОМИ*  (ПУТЕВОДИТЕЛЬ В ИСЛАМСКОЕ ГОСУДАРСТВО)
766,РЯЗАНСКАЯ ГОРОДСКАЯ ОБЩЕСТВЕННАЯ ПАТРИОТИЧЕСКАЯ ОРГАНИЗАЦИЯ РУССКОЕ НАЦИОНАЛЬНОЕ ЕДИНСТВО
767,СВОБОДНОЕ ПОМОРЬЕ
768,СВОБОДНЫЙ ДАГЕСТАН
769,СВОБОДНЫЙ ИДЕЛЬ-УРАЛ*  (FREE IDEL-URAL; КОНФЕДЕРАЦИЯ ИДЕЛЬ-УРАЛ)
770,СВЯЩЕННАЯ ВОЙНА (АЛЬ-ДЖИХАД ИЛИ ЕГИПЕТСКИЙ ИСЛАМСКИЙ ДЖИХАД)*
771,СЕВЕРНЫЙ СОЮЗ*
772,СИБИРСКИЙ БАТАЛЬОН*
773,СИБИРСКОЕ ОСВОБОДИТЕЛЬНОЕ ДВИЖЕНИЕ*
774,СИНДИКАТ АВТОНОМНАЯ БОЕВАЯ ТЕРРОРИСТИЧЕСКАЯ ОРГАНИЗАЦИЯ (АБТО)*
775,СМОЛЕНСКИЙ РЕСПУБЛИКАНСКИЙ ЦЕНТР*  (СМОЛРЕСЦЕНТР)
776,СМОЛЕНСКИЙ РЕСПУБЛИКАНСКИЙ ЦЕНТР
777,СООБЩЕСТВО KOMI DAILY*
778,СООБЩЕСТВО ПАЦИФИСТСКАЯ АССОЦИАЦИЯ САХА
779,СОЦИАЛЬНО-ПОЛИТИЧЕСКОЕ ДВИЖЕНИЕ СВОБОДНАЯ ИНГРИЯ
780,СОЮЗ ЧЕРНОЗЕМСКИХ ГОСУДАРСТВ*
781,ТАТАРСКАЯ ПАРТИЯ ВОЗРОЖДЕНИЕ*  (ЯНАРЫШ ТАТАР ХАЛЫК ПАРТИЯСЕ)
782,ТАТАРСКАЯ ПАРТИЯ НЕЗАВИСИМОСТИ ИТТИФАК*
783,ТАТАРСТАНСКОЕ РЕГИОНАЛЬНОЕ ОТДЕЛЕНИЕ ОБЩЕРОССИЙСКОГО ПАТРИОТИЧЕСКОГО ДВИЖЕНИЯ РУССКОЕ НАЦИОНАЛЬНОЕ ЕДИНСТВО
784,ТЕРРОРИСТИЧЕСКОЕ СООБЩЕСТВО - МОСКОВСКАЯ ЯЧЕЙКА МТО ИГ*
785,ТЕРРОРИСТИЧЕСКОЕ СООБЩЕСТВО - ОРГАНИЗАЦИЯ ФОРУМ СВОБОДНОЙ РОССИИ*
786,ТЕРРОРИСТИЧЕСКОЕ СООБЩЕСТВО - СТРУКТУРНОЕ ПОДРАЗДЕЛЕНИЕ ОРГАНИЗАЦИИ ПРАВЫЙ СЕКТОР НА ТЕРРИТОРИИ РЕСПУБЛИКИ КРЫМ*
787,ТЕРРОРИСТИЧЕСКОЕ СООБЩЕСТВО АЙДАР*
788,ТЕРРОРИСТИЧЕСКОЕ СООБЩЕСТВО АХЛЮ АС-СУННА ВА-ЛЬ-ДЖАМААТ (СОЗДАННОЕ В ИСПРАВИТЕЛЬНОМ УЧРЕЖДЕНИИ ФКУ ИК-2 УФСИН РОССИИ ПО РЕСПУБЛИКЕ КАЛМЫКИЯ)*
789,ТЕРРОРИСТИЧЕСКОЕ СООБЩЕСТВО БОЕВОЕ КРЫЛО ВИРДА ПОСЛЕДОВАТЕЛЕЙ Б-Х. БЕЛХОРОЕВА*
790,ТЕРРОРИСТИЧЕСКОЕ СООБЩЕСТВО ВКП(Б) - СТРУКТУРНОЕ ПОДРАЗДЕЛЕНИЕ ОМСКАЯ ЯЧЕЙКА ВКП(Б)*
791,ТЕРРОРИСТИЧЕСКОЕ СООБЩЕСТВО ДЖАМААТ СОЗДАННОЕ В ИСПРАВИТЕЛЬНОМ УЧРЕЖДЕНИИ ФКУ ИК-7 УФСИН РОССИИ ПО РЕСПУБЛИКЕ ДАГЕСТАН*
792,ТЕРРОРИСТИЧЕСКОЕ СООБЩЕСТВО ДНЕПР-1*  (БАТАЛЬОН ДНЕПР-1; ПОЛК ДНЕПР-1)
793,ТЕРРОРИСТИЧЕСКОЕ СООБЩЕСТВО ДУББАЙСКИЙ ДЖАМААТ*
794,ТЕРРОРИСТИЧЕСКОЕ СООБЩЕСТВО МЕГИОНСКИЙ ДЖАМААТ*
795,ТЕРРОРИСТИЧЕСКОЕ СООБЩЕСТВО НАРОДНОЕ КОММУНИСТИЧЕСКОЕ ДВИЖЕНИЕ (НКД)*
796,ТЕРРОРИСТИЧЕСКОЕ СООБЩЕСТВО СЕТЬ*
797,ТЕРРОРИСТИЧЕСКОЕ СООБЩЕСТВО СОЗДАННОЕ ДЛЯ ПОДГОТОВКИ И СОВЕРШЕНИЯ НА ТЕРРИТОРИИ Г. ПЕРМИ В ЦЕЛЯХ ОКАЗАНИЯ ПОМОЩИ СЛУЖБЕ БЕЗОПАСНОСТИ УКРАИНЫ И УКРАИНЕ ДИВЕРСИОННО-ТЕРРОРИСТИЧЕСКИХ АКТОВ НАПРАВЛЕННЫХ ПРОТИВ БЕЗОПАСНОСТИ РОССИЙСКОЙ ФЕДЕРАЦИИ*
798,ТЕРРОРИСТИЧЕСКОЕ СООБЩЕСТВО СОЗДАННОЕ МАЛЬЦЕВЫМ В.В. ИЗ ЧИСЛА УЧАСТНИКОВ МЕЖРЕГИОНАЛЬНОГО ОБЩЕСТВЕННОГО ДВИЖЕНИЯ АРТПОДГОТОВКА*
799,ТЕРРОРИСТИЧЕСКОЕ СООБЩЕСТВО СОЗДАННОЕ СОТРУДНИКАМИ ГЛАВНОГО УПРАВЛЕНИЯ РАЗВЕДКИ МИНИСТЕРСТВА ОБОРОНЫ УКРАИНЫ И ОСУЩЕСТВЛЯВШЕЕ СВОЮ ДЕЯТЕЛЬНОСТЬ В Г. ЭНЕРГОДАРЕ ЗАПОРОЖСКОЙ ОБЛАСТИ*
800,ТЕРРОРИСТИЧЕСКОЕ СООБЩЕСТВО СТРАЙКБОЛЬНЫЙ ТАКТИЧЕСКИЙ КЛУБ НАЦИОНАЛИСТОВ*  (S.T.C.N; СТРАЙКБОЛЬНЫЙ ТАКТИЧЕСКИЙ КЛУБ НАЦИОНАЛИСТОВ)
801,ТЕРРОРИСТИЧЕСКОЕ СООБЩЕСТВО 2-ОЙ БАТАЛЬОН СПЕЦИАЛЬНОГО НАЗНАЧЕНИЯ ДОНБАСС 15-ГО ОТДЕЛЬНОГО СЛАВЯНСКОГО ПОЛКА НАЦИОНАЛЬНОЙ ГВАРДИИ УКРАИНЫ (ВОЙСКОВАЯ ЧАСТЬ 3035)*
802,ТЕРРОРИСТИЧЕСКОЕ СООБЩЕСТВО 46-Й ОТДЕЛЬНЫЙ ШТУРМОВОЙ БАТАЛЬОН ДОНБАСС ВООРУЖЕННЫХ СИЛ УКРАИНЫ СОЗДАННОЕ НА БАЗЕ БАТАЛЬОНА ТЕРРИТОРИАЛЬНОЙ ОБОРОНЫ ДОНБАСС НАЦИОНАЛЬНОЙ ГВАРДИИ УКРАИНЫ*
803,УКРАИНСКАЯ ОРГАНИЗАЦИЯ БРАТСТВО
804,УКРАИНСКАЯ ОРГАНИЗАЦИЯ ПРАВЫЙ СЕКТОР
805,УКРАИНСКАЯ ОРГАНИЗАЦИЯ ТРИЗУБ ИМ. СТЕПАНА БАНДЕРЫ
806,УКРАИНСКАЯ ОРГАНИЗАЦИЯ УКРАИНСКАЯ НАЦИОНАЛЬНАЯ АССАМБЛЕЯ - УКРАИНСКАЯ НАРОДНАЯ САМООБОРОНА (УНА - УНСО)
807,УКРАИНСКАЯ ОРГАНИЗАЦИЯ УКРАИНСКАЯ ПОВСТАНЧЕСКАЯ АРМИЯ (УПА)
808,УКРАИНСКОЕ ВОЕНИЗИРОВАННОЕ НАЦИОНАЛИСТИЧЕСКОЕ ОБЪЕДИНЕНИЕ АЗОВ*  (БАТАЛЬОН АЗОВ; ПОЛК АЗОВ)
809,УКРАИНСКОЕ ВОЕНИЗИРОВАННОЕ ОБЪЕДИНЕНИЕ НАЦИОНАЛЬНО-ОСВОБОДИТЕЛЬНОЕ ДВИЖЕНИЕ ПРАВЫЙ СЕКТОР*
810,УКРАИНСКОЕ ВООРУЖЕННОЕ ФОРМИРОВАНИЕ ЛЕГИОН СВОБОДА РОССИИ*  (ЛЕГИОН СВОБОДА РОССИИ)
811,ФОНД BURIAD GURUN*
812,ФОНД АЗИАТЫ РОССИИ
813,ФОНД АЗИАТЫ РОССИИ*
814,ФОНД НОВАЯ ТЫВА*
815,ФОНД СВОБОДНАЯ БУРЯТИЯ*
816,ФОНД СВОБОДНАЯ БУРЯТИЯ  (FREE BURYATIA FOUNDATION)
817,ФОНД СВОБОДНАЯ ЯКУТИЯ*
818,ФОНД СВОБОДНАЯ ЯКУТИЯ  (FREE YAKUTIA FOUNDATION)
819,ХАЙЯТ ТАХРИР АШ-ШАМ*  (Организация освобождения Леванта; Тахрир аш-Шам; Хайят Тахри аш-Шам; Хейят Тахрир Аш-Шам; Хейят Тахрир аш-Шам)
820,ХАКАССКАЯ РЕГИОНАЛЬНАЯ ОБЩЕСТВЕННАЯ ОРГАНИЗАЦИЯ ДУХОВНОГО И ФИЗИЧЕСКОГО САМОСОВЕРШЕНСТВОВАНИЯ ЧЕЛОВЕКА ПО ВЕЛИКОМУ ЗАКОНУ ФАЛУНЬ ДАФА
821,ХАТЛОНСКИЙ ДЖАМААТ*
822,ЧИСТОПОЛЬСКИЙ ДЖАМААТ*
823,ЭНЕСАЙСКАЯ РЕСПУБЛИКА*
824,ЭРЗЯНСКИЙ НАЦИОНАЛЬНЫЙ КОНГРЕСС*
