№ п/п,Дата обнародования информации о признании деятельности организации нежелательной на территории Российской Федерации,Дата принятия решения Генеральной прокуратурой Российской Федерации о признании деятельности организации нежелательной на территории Российской Федерации,Дата принятия решения Генеральной прокуратурой Российской Федерации об отмене решения о признании деятельности организации нежелательной на территории Российской Федерации,Дата распоряжения Минюста России о включении в перечень,Дата распоряжения Минюста России об исключении из перечня,Наименование организации,Номер распоряжения Минюста России о включении в перечень,Номер распоряжения Минюста России об исключении из перечня,Статус
1,,28.07.2015,,29.07.2015,,«Национальный фонд в поддержку демократии» (The National Endowment for Democracy),1076-р,,Включена
2,,26.11.2015,,01.12.2015,,Институт Открытое Общество Фонд Содействия (OSI Assistance Foundation),1777-р,,Включена
3,,26.11.2015,,01.12.2015,,Фонд Открытое общество (Open Society Foundation),1778-р,,Включена
4,,03.12.2015,,07.12.2015,,«Американо-российский фонд по экономическому и правовому развитию» (U.S. RUSSIA FOUNDATION FOR ECONOMIC ADVANCEMENT AND THE RULE OF LAW),1821-р,,Включена
5,,10.03.2016,,17.03.2016,,Национальный Демократический Институт Международных Отношений (National Democratic Institute for International Affairs),393-р,,Включена
6,,18.08.2016,,22.08.2016,,"MEDIA DEVELOPMENT INVESTMENT FUND, Inc.",1201-р,,Включена
7,,18.08.2016,,22.08.2016,,Корпорация «Международный Республиканский Институт» (International Republican Institute),1202-р,,Включена
8,,26.04.2017,,27.04.2017,,"Open Russia Civic Movement, Open Russia (Общественное сетевое движение «Открытая Россия») (Великобритания)",556-р,,Включена
9,,26.04.2017,,27.04.2017,,OR (Otkrytaya Rossia) («Открытая Россия») (Великобритания) (с 08.11.2017 – HUMAN RIGHTS PROJECT MANAGEMENT),557-р,,Включена
10,,26.04.2017,,27.04.2017,,"Institute of Modern Russia, Inc («Институт современной России») (США)",558-р,,Включена
11,,30.06.2017,,03.07.2017,,The Black Sea Trust for Regional Cooperation (Черноморский фонд регионального сотрудничества) (Румыния),883-р,,Включена
12,,12.03.2018,,13.03.2018,,European Platform for Democratic Elections (EPDE) (Европейская Платформа за Демократические Выборы) (Федеративная Республика Германия),285-р,,Включена
13,,12.03.2018,,13.03.2018,,International elections study center (IESC) (Международный центр электоральных исследований)  (Литовская Республика),286-р,,Включена
14,,20.03.2018,,21.03.2018,,The German Marshall Fund of the United States (GMF) (Германский фонд Маршалла Соединенных Штатов) (США),335-р,,Включена
15,,24.08.2018,,28.08.2018,,Pacific Environment (PERC) (Тихоокеанский центр защиты окружающей среды и природных ресурсов) (Соединенные Штаты Америки),989-р,,Включена
16,,27.06.2019,,28.06.2019,,Free Russia Foundation (Free Russia) (Фонд «Свободная Россия») (США),814-р,,Включена
17,,11.07.2019,,17.07.2019,,Ukrainian World Congress («Всемирный конгресс украинцев») (Канада),887-р,,Включена
18,,25.07.2019,,29.07.2019,,Atlantic council of the United States (Atlantic council) («Атлантический совет») (США),945-р,,Включена
19,,07.11.2019,,12.11.2019,,"«Člověk v tísni, o.p.s» («People In Need», «Человек в беде») (Чешская Республика)",1443-р,,Включена
20,,06.03.2020,,12.03.2020,,"European Endowment for Democracy («Европейский фонд за демократию», «Европейский фонд в поддержку демократии») (Королевство Бельгия)",253-р,,Включена
21,,08.04.2020,,09.04.2020,,"The Jamestown foundation (JF), («Джеймстаунский фонд») (Соединенные Штаты Америки)",400-р,,Включена
22,,22.04.2020,,23.04.2020,,"Project Harmony, Inc. (PH International) («Прожект Хармони, Инк.») (Соединенные Штаты Америки)",458-р,,Включена
23,,17.07.2020,,21.07.2020,,Dragon Springs Buddhist Inc. («Буддистское сообщество «Родники дракона») (США),718-р,,Включена
24,,17.07.2020,,21.07.2020,,Doctors Against Forced Organ Harvesting (DAFOH) («Врачи против насильственного извлечения органов») (США),719-р,,Включена
25,,17.07.2020,,21.07.2020,,The European Falun Dafa Association («Европейская ассоциация «Фалунь Дафа») (Великобритания),720-р,,Включена
26,,17.07.2020,,21.07.2020,,Friends of Falun Gong Inc. («Друзья Фалуньгун») (США),721-р,,Включена
27,,17.07.2020,,21.07.2020,,Global Mission to Rescure Persecuted Falun Gong Practitioners Inc. (GMRPFGP) («Всемирный совет по спасению подвергаемых гонениям адептов «Фалуньгун») (США),722-р,,Включена
28,,17.07.2020,,21.07.2020,,Coalition to Investigate the Persecution of Falun Gong in China («Коалиция по расследованию преследования в отношении Фалуньгун в Китае») (США),723-р,,Включена
29,,17.07.2020,,21.07.2020,,World Organization to Investigate the Persecution of Falun Gong Inc. (WOIPFG) («Всемирная организация по расследованию преследований Фалуньгун») (США),724-р,,Включена
30,,17.12.2020,,25.12.2020,,"Prague Civil Society Centre («Пражский Центр Гражданского Общества», «Пражский гражданский центр») (Чешская Республика)",1282-р,,Включена
31,,22.12.2020,,25.12.2020,,Association of Schools of Political Studies of the Council of Europe («Ассоциация школ политических исследований при Совете Европы») (Франция),1283-р,,Включена
32,,26.05.2021,,02.06.2021,,"Zentrum für die Liberale Moderne GmbH («Центр либеральной современности», «ЦЛС») (ФРГ)",600-р,,Включена
33,,26.05.2021,,02.06.2021,,"Forum Russischsprachiger Europäer e.V. («Форум русскоязычных европейцев», «ФРЕ») (ФРГ)",601-р,,Включена
34,,26.05.2021,,02.06.2021,,"Deutsch-Russischer Austausch e.V. («Немецко-русский обмен», «НРО») (ФРГ)",602-р,,Включена
35,,21.06.2021,,30.06.2021,,"Бард колледж (Bard College), США",693-р,,Включена
36,,30.06.2021,,09.07.2021,,"European Choice («Европейский выбор»), Франция",730-р,,Включена
37,,30.06.2021,,09.07.2021,,"Khodorkovsky Foundation («Фонд Ходорковского»), Великобритания",731-р,,Включена
38,,30.06.2021,,09.07.2021,,"Oxford Russia Fund («Оксфордский российский фонд»), Великобритания",732-р,,Включена
39,,30.06.2021,,09.07.2021,,"Future of Russia Foundation («Фонд Будущее России»), Великобритания",733-р,,Включена
40,,29.06.2021,,09.07.2021,,"Spolecnost Svobody Informace, Z.S. («Компания свободы информации, з.с.», «Общество свободы информации, з.с.») (Чешская Республика)",734-р,,Включена
41,,15.07.2021,,23.07.2021,,"Project Media, Inc. («Проект Медиа») (США)",799-р,,Включена
42,,12.08.2021,,17.08.2021,,International Partnership for Human Rights (IPHR) («Международное партнерство за права человека») (Королевство Бельгия),915-р,,Включена
43,,23.08.2021,,30.08.2021,,Духовне Управлiння Євангельських Християн Української Християнської Церкви «Нове Поколiння» (Духовное Управление Евангельских Христиан Украинской Христианской Церкви «Новое Поколение») (Украина),968-р,,Включена
44,,23.08.2021,,30.08.2021,,Evaņgēlisko kristiešu baznīca «Jaunā Paaudze» (Евангельская христианская церковь «Новое Поколение») (Латвийская Республика),969-р,,Включена
45,,23.08.2021,,30.08.2021,,Духовний Навчальний Заклад Міжнародний Біблійний Коледж «Нове Покоління» (Духовное Учебное Заведение Международный Библейский Колледж «Новое Поколение») (Украина),970-р,,Включена
46,,23.08.2021,,30.08.2021,,Международное христианское движение «Новое поколение» (Латвийская Республика),971-р,,Включена
47,,24.09.2021,,01.10.2021,,"WORLD INSTITUTE OF SCIENTOLOGY ENTERPRISES INTERNATIONAL (World Institute of Scientology Enterprises International, WISE Int., «Всемирный Институт Саентологических Предприятий») (США)",1126-р,,Включена
48,,24.09.2021,,01.10.2021,,"CHURCH OF SPIRITUAL TECHNOLOGY (Church of Spiritual Technology, CST, «Церковь Духовной Технологии», использующая также наименование «L. Ron Hubbard Library» («Библиотека Л. Рона Хаббарда») (США)",1127-р,,Включена
49,,27.09.2021,,01.10.2021,,European Network of Election Monitoring Organizations (ENEMO) («Европейская сеть организаций по наблюдению за выборами»),1128-р,,Включена
50,,25.01.2022,,04.02.2022,,"WOT Foundation («ВОТ ФОНД»), Республика Польша",109-р,,Включена
51,,16.02.2022,,28.02.2022,,"«ГРОМАДСЬКА ОРГАНI3АЦIЯ «ВIЛЬНИЙ IДЕЛЬ-УРАЛ» (ГО «IДЕЛЬ») («СВОБОДНЫЙ ИДЕЛЬ-УРАЛ», «Свободный Идель-Урал») (Украина)",185-р,,Включена
52,,22.02.2022,,05.03.2022,,"Journalism Development Network INC («Ассоциация развития журналистики», JDN), США",225-р,,Включена
53,,22.02.2022,,05.03.2022,,"IStories fonds, Латвийская Республика",226-р,,Включена
54,,07.04.2022,,13.04.2022,,"The Royal Institute of International Affairs (Chatham House, «Королевский Институт Международных Отношений») (Великобритания)",448-р,,Включена
55,,04.05.2022,,13.05.2022,,"«ГРОМАДСЬКА ОРГАНIЗАЦIЯ «КРИМСЬКА ПРАВОЗАХИСНА ГРУПА» (CRIMEAN HUMAN RIGHT, «КРЫМСКАЯ ПРАВОЗАЩИТНАЯ ГРУППА») (Украина)",596-р,,Включена
56,,20.05.2022,,31.05.2022,,"Heinrich-Böll-Stiftung e.V. (Heinrich Böll Stiftung, «Фонд имени Генриха Бёлля») (Германия)",679-р,,Включена
57,,13.07.2022,,26.07.2022,,Stichting Bellingcat (Нидерланды),951-р,,Включена
58,,13.07.2022,,26.07.2022,,Bellingcat Ltd. (Великобритания),952-р,,Включена
59,,13.07.2022,,26.07.2022,,The Insider (Латвия),953-р,,Включена
60,,13.07.2022,,26.07.2022,,«Институт правовой инициативы Центральной и Восточной Европы» (CEELI Institute) (Чехия),954-р,,Включена
61,,19.07.2022,,29.07.2022,,"«Фонд Открытой Эстонии» (Avatud Eesti Fond SA, Open Estonia Foundation) Эстонская Республика",984-р,,Включена
62,,29.07.2022,,12.08.2022,,"Calvert 22 Foundation, Великобритания",1042-р,,Включена
63,,04.08.2022,,19.08.2022,,"«Канадский украинский конгресс», «Конгресс украинцев Канады» (Ukrainian Canadian Congress), Канада",1089-р,,Включена
64,,04.08.2022,,19.08.2022,,"«Институт Макдональда-Лорье» (Macdonald-Laurier Institute), Канада",1090-р,,Включена
65,,04.08.2022,,19.08.2022,,"«Украинская национальная федерация Канады» (Ukrainian National Federation of Canada), Канада",1091-р,,Включена
66,,12.10.2022,,25.10.2022,,Dekabristen e.V. («Декабристы») (Германия),1437-р,,Включена
67,,10.11.2022,,25.11.2022,,"Международный научный центр им. Вудро Вильсона (Woodrow Wilson International Center for Scholars), США",1594-р,,Включена
68,,11.11.2022,,25.11.2022,,"«Свободная пресса» (Open Press), Французская Республика",1595-р,,Включена
69,,16.11.2022,,25.11.2022,,«БЛАГОДIЙНИЙ ФОНД «ВIДРОДЖЕННЯ» ВОЛОДИМИРА МУНТЯНА» («Благотворительный фонд «Возрождение» Владимира Мунтяна») (Украина),1596-р,,Включена
70,,16.11.2022,,25.11.2022,,«РЕЛIГIЙНА ОРГАНIЗАЦIЯ «ВСЕУКРАIНСЬКИЙ ДУХОВНИЙ ЦЕНТР «ВIДРОДЖЕННЯ» («Религиозная организация «Всеукраинский духовный центр «Возрождение») (Украина),1597-р,,Включена
71,,25.11.2022,,13.12.2022,,"Riddle (аналитический Центр «Риддл»), Литовская Республика",1698-р,,Включена
72,,20.12.2022,,10.01.2023,,"Ryska Antikrigskommitteten i Sverige («Русский антивоенный комитет в Швеции»), Швеция",1-р,,Включена
73,,25.01.2023,,07.02.2023,,"Limited liability company (SIA) «Medusa Project» («Проект Медуза»), Латвийская Республика",138-р,,Включена
74,,23.01.2023,,07.02.2023,,"«The Andrei Sakharov foundation» («Фонд Андрея Сахарова»), США",139-р,,Включена
75,,30.01.2023,,13.02.2023,,«Форум свободной России» (Литовская Республика),171-р,,Включена
76,,17.02.2023,,10.03.2023,,"«Free Nations League» («Лига Свободных Наций»), Литва",274-р,,Включена
77,,03.03.2023,,21.03.2023,,"«Transparеncy International», Федеративная Республика Германия",330-р,,Включена
78,,15.03.2023,,31.03.2023,,"«Free Nations of PostRussia Forum» («Форум Свободных Народов ПостРоссии»), Польша",399-р,,Включена
79,,15.03.2023,,05.04.2023,,"Solidarität mit der Bürgerbewegung in Russland e.V. («Солидарность с гражданским движением в России – Solidarus»), ФРГ",426-р,,Включена
80,,21.03.2023,,05.04.2023,,«КрымSOS» (CrimeaSOS) (Украина),427-р,,Включена
81,,30.03.2023,,18.04.2023,,"Briva Universitate («Свободный университет»), Латвийская Республика",500-р,,Включена
82,,20.03.2023,,25.04.2023,,"The Institute for Statecraft («Институт государственного управления»),  Великобритания",528-р,,Включена
83,,10.04.2023,,25.04.2023,,"«Форум гражданского общества Россия – ЕС» («EU – Russia Civil Society Forum e.V.»), ФРГ",529-р,,Включена
84,,17.04.2023,,02.05.2023,,"Miljøstiftelsen Bellona (Экологический фонд «Беллона», Экологическое объединение «Беллона») (Королевство Норвегия)",574-р,,Включена
85,,20.04.2023,,11.05.2023,,«Союз жителей островов Тисима и Хабомаи» («Союз бывших жителей Чисимских и Хабомайских островов») (Япония),625-р,,Включена
86,,27.04.2023,,18.05.2023,,"«Съезд народных депутатов» («Kongres Deputowanych Ludowych»), Польша",659-р,,Включена
87,,18.05.2023,,29.05.2023,,"Greenpeace International (Stichting Greenpeace Council) («Гринпис Интернешнл», «Фонд Гринпис Совет», «ГРИНПИС») (Нидерланды)",703-р,,Включена
88,,22.05.2023,,01.06.2023,,"Anti-Corruption Foundation International, Inc. («Фонд борьбы с коррупцией Инк.») (США)",723-р,,Включена
89,,07.06.2023,,27.06.2023,,"«Завет церквей TCCN» (Transformation Center Covenant Network TCCN, Transformation Center Church International), США",867-р,,Включена
90,,14.06.2023,,28.06.2023,,"«Law Sofia Foundation» (Фонд «Право-София», Международная правозащитная группа «Агора»), Болгария",880-р,,Включена
91,,20.06.2023,,05.07.2023,,"«World Wide Fund for Nature» («World Wildlife Fund», «WWF», «Всемирный фонд природы») (Швейцария)",925-р,,Включена
92,,26.06.2023,,14.07.2023,,BDR Novaja Gazeta-Europe (Латвийская Республика),962-р,,Включена
93,,03.07.2023,,17.07.2023,,«The Altai Project» («Алтай проект») (США),980-р,,Включена
94,,05.07.2023,,24.07.2023,,Educational Human Rights House Chernihiv («Образовательный дом прав человека Чернигов») (Украина),1017-р,,Включена
95,,05.07.2023,,24.07.2023,,"Human Rights House Foundation (HRHF, «Фонд Дом Прав Человека») (Норвегия)",1018-р,,Включена
96,,05.07.2023,,24.07.2023,,The Barys Zvozskau Belarusian Human Rights House («Белорусский дом прав человека имени Бориса Звозскова») (Литовская Республика),1019-р,,Включена
97,,05.07.2023,,24.07.2023,,Human Rights House Tbilisi («Дом прав человека Тбилиси») (Грузия),1020-р,,Включена
98,,05.07.2023,,24.07.2023,,Human Rights House Yerevan («Дом прав человека Ереван») (Республика Армения),1021-р,,Включена
99,,05.07.2023,,24.07.2023,,Human Rights House Crimea («Дом прав человека Крым») (Украина),1022-р,,Включена
100,,17.07.2023,,02.08.2023,,Wild Salmon Center («Центр дикого лосося») (США),1056-р,,Включена
101,,21.07.2023,,04.08.2023,,"TVR Studios B.V., Королевство Нидерландов",1063-р,,Включена
102,,21.07.2023,,04.08.2023,,"SIA TV Rain («ТВ Дождь»), Латвийская Республика",1065-р,,Включена
103,,28.07.2023,,15.08.2023,,"«Центр европейских исследований им. Вилфрида Мартенса» («Martens Centre»), Королевство Бельгия",1111-р,,Включена
104,,04.08.2023,,18.08.2023,,"Conflict Intelligence Team, CIT («Сетевое объединение журналистов расследователей»), Украина",1129-р,,Включена
105,,02.08.2023,,18.08.2023,,"Громадська Спiлка «Мiжнародний Громадський Рух «АЛЛАТРА» (Общественный Союз «Международное Общественное Движение «Аллатра», Международное общественное движение «АЛЛАТРА», «МОД «АЛЛАТРА», «АллатРа») (Украина)",1130-р,,Включена
106,,11.08.2023,,23.08.2023,,Stowarzyszenie «Za Wolna Rosje» (Ассоциация «За свободную Россию») (Республика Польша),1148-р,,Включена
107,,30.08.2023,,12.09.2023,,"Free Buryatia Foundation (Фонд «Свободная Бурятия»), США",1236-р,,Включена
108,,30.08.2023,,14.09.2023,,"URALIC Keskus MTÜ (URALIC Centre of Indigenous Peoples, MTÜ Polisrahvaste Arengu Keskus, «Центр «Uralic», «Центр развития коренных народов») (Эстония)",1243-р,,Включена
109,,01.09.2023,,18.09.2023,,UnKremlin e.V. (ФРГ),1261-р,,Включена
110,,01.09.2023,,18.09.2023,,"«Международная федерация транспортных рабочих» («International Transport Workers Federation»), Великобритания, Лондон",1262-р,,Включена
111,,12.09.2023,,26.09.2023,,"«Объединение торговых палат ИстЧам Финланд» (EastCham Finland kauppakamariyhdistys ry) («Восточная торговая палата Финляндии», «Зарегистрированная ассоциация Торговая палата ИстЧам Финланд», «ИстЧам Финланд», EastCham Finland) (Финляндия)",1281-р,,Включена
112,,13.09.2023,,26.09.2023,,"Hudson Institute («Гудзоновский институт»), США",1282-р,,Включена
113,,18.09.2023,,11.10.2023,,Foundation for Democratic Development  («Фонд Демократического Развития») (США),1360-р,,Включена
114,,26.09.2023,,17.10.2023,,«Объединение «Комитет-2024» (Республика Польша),1387-р,,Включена
115,,18.09.2023,,01.11.2023,,"Central European University («Центрально-Европейский университет»), Австрия",1440-р,,Включена
116,,12.09.2023,,01.11.2023,,"Zentrum fur Osteuropa – und internationale Studien (ZOiS) gGmbH («Центр восточноевропейских и международных исследований»), ФРГ",1441-р,,Включена
117,,12.10.2023,,08.11.2023,,"Wachtturm Bible und Traktat Gesellschaft der Zeugen Jehovas («Общество Сторожевой башни, Библии и трактатов Свидетелей Иеговы Зельтерс/Таунус») Германия",1463-р,,Включена
118,,12.10.2023,,08.11.2023,,"Релiгiйна органiзацiя «Релiгiйний Центр Свiдкiв Єгови в Українi» («Религиозный центр «Свидетелей Иеговы» в Украине»), Украина",1464-р,,Включена
119,,12.10.2023,,08.11.2023,,"Watch Tower Bible and Tract Society of Pensilvania («Общество Сторожевой башни, Библии и трактатов Пенсильвании»), США",1465-р,,Включена
120,,03.11.2023,,21.11.2023,,Civil Council («Гражданский Совет») (Республика Польша),1522-р,,Включена
121,,23.10.2023,,27.11.2023,,"Center for European Policy Analysis, CEPA («Центр анализа европейской политики»), США",1558-р,,Включена
122,,14.11.2023,,04.12.2023,,"Akademisches Netzwerk Osteuropa e.V. («Академическая сеть Восточная Европа»), ФРГ",1608-р,,Включена
123,,14.11.2023,,04.12.2023,,«Российский комитет действия» (Литовская Республика),1609-р,,Включена
124,,21.11.2023,,06.12.2023,,"RAND Corporation («РЭНД корпорейшн»), США",1618-р,,Включена
125,,24.11.2023,,25.12.2023,,"Russian America for Democracy  in Russia («Русская Америка за демократию в России»), США",1727-р,,Включена
126,,07.12.2023,,25.12.2023,,"True Russia Limited («Настоящая Россия»), Великобритания",1728-р,,Включена
127,,05.12.2023,,25.12.2023,,Global Investigative Journalism Network («Глобальная сеть журналистов-расследователей») (США),1729-р,,Включена
128,,11.12.2023,,26.12.2023,,"Nodibinājums «Helpdesk Media Foundation» («Медиа-фонд «Служба поддержки», «Служба поддержки») (Латвийская Республика)",1734-р,,Включена
129,,26.12.2023,,26.01.2024,,"Freies Russland Berlin e.V. («Свободная Россия Берлин»), ФРГ",94-р,,Включена
130,,26.12.2023,,26.01.2024,,"Freies Russland NRW e.V. («Свободная Россия Северный Рейн-Вестфалия»), ФРГ",95-р,,Включена
131,,11.01.2024,,26.01.2024,,GlobalGiving Foundation Inc. («Фонд глобальной помощи») (США),96-р,,Включена
132,,11.01.2024,,31.01.2024,,Russian antiwar committee («Антивоенный комитет России»),113-р,,Включена
133,,11.01.2024,,31.01.2024,,Russie-Libertes (Франция),114-р,,Включена
134,,11.01.2024,,31.01.2024,,La Asocicion de Rusos Libres (Испания),115-р,,Включена
135,,23.01.2024,,05.02.2024,,«Союз за возвращение Северных территорий» («Союз борьбы за возвращение Северных территорий») (Япония),136-р,,Включена
136,,16.01.2024,,05.02.2024,,Громадська органiзацiя «Кримськотатарський Ресурсний Центр» («Крымскотатарский Ресурсный Центр») (Украина),137-р,,Включена
137,,17.01.2024,,05.02.2024,,IndustriALL Global Union («Глобальный союз IndustriALL») (Швейцария),138-р,,Включена
138,,19.01.2024,,07.02.2024,,"Russian Election Monitor (REM), ФРГ",152-р,,Включена
139,,23.01.2024,,08.02.2024,,Article 19 (Великобритания),156-р,,Включена
140,,15.01.2024,,08.02.2024,,"Mnenie media z.s. («Мнение медиа»), Чешская Республика",157-р,,Включена
141,,25.01.2024,,16.02.2024,,"Anarchist Black Cross Federation (ABCF, «Федерация анархического черного креста») (США)",207-р,,Включена
142,,02.02.2024,,20.02.2024,,"Radio Free Europe/Radio Liberty (RFE/RL) («Радио Свободная Европа/Радио Свобода», «РСЕ/РС») (США)",212-р,,Включена
143,,14.02.2024,,01.03.2024,,"Deutsche Gesellschaft für Osteuropakunde («Германское общество изучения Восточной Европы»), ФРГ",254-р,,Включена
144,,14.02.2024,,01.03.2024,,"Friedrich-Ebert-Stiftung e.V. (Friedrich Ebert Stiftung, «Зарегистрированный Союз «Фонд имени Фридриха Эберта») (Германия)",256-р,,Включена
145,,14.02.2024,,01.03.2024,,"XZ gGmbH, ФРГ",257-р,,Включена
146,,14.02.2024,,01.03.2024,,"OWEN – Mobile Akademie für Geschlechterdemokratie e.V. («Мобильная академия поддержки гендерной демократии и миротворчества»), ФРГ",258-р,,Включена
147,,19.02.2024,,13.03.2024,,Lew Kopelew Forum («Форум имени Льва Копелева») (ФРГ),300-р,,Включена
148,,26.02.2024,,18.03.2024,,American Councils for International Education (США),324-р,,Включена
149,,26.02.2024,,18.03.2024,,Cultural Vistas (США),325-р,,Включена
150,,26.02.2024,,18.03.2024,,Institute of International Education (США),326-р,,Включена
151,,27.02.2024,,18.03.2024,,"Russians Against War Antalya (RAWA) («Антивоенное движение Антальи», «Антивоенное сообщество Антальи») (Турецкая Республика)",327-р,,Включена
152,,14.02.2024,,25.03.2024,,"Fundacja Otwarty Dialog («Фонд «Открытый диалог»), Республика Польша",363-р,,Включена
153,,13.03.2024,,02.04.2024,,"Munk School of Global Affairs  and Public Policy («Школа международных отношений и государственной политики им. Питера Мунка»), Канада",406-р,,Включена
154,,13.03.2024,,02.04.2024,,"Russian Canadian Democratic Alliance, RCDA («Российско-канадский демократический альянс»), Канада",407-р,,Включена
155,,13.03.2024,,02.04.2024,,"Norman Paterson School of International Affairs («Школа международных отношений им. Нормана Патерсона»), Канада",408-р,,Включена
156,,29.03.2024,,16.04.2024,,"Center for Civil Liberties («Центр Громадянських Свобод», «Общественная организация «Центр Гражданских Свобод») (Украина)",463-р,,Включена
157,,13.03.2024,,16.04.2024,,Boris Nemtsov Foundation for Freedom («Фонд Бориса Немцова за Свободу») (ФРГ),464-р,,Включена
158,,13.03.2024,,16.04.2024,,"Friedrich-Naumann-Stiftung für die Freiheit (Friedrich Naumann Foundation, «Фонд имени Фридриха Науманна за свободу») (Германия)",465-р,,Включена
159,,09.04.2024,,25.04.2024,,"Feminist Antiwar Resistance («Феминистское антивоенное сопротивление», «ФАС»)",513-р,,Включена
160,,11.04.2024,,02.05.2024,,"Ğalğay Kortamuqalen Komitet («Комитет Ингушской Независимости», «КИН», «Комитет независимости Ингушетии») (Турецкая Республика)",529-р,,Включена
161,,24.04.2024,,15.05.2024,,«Центр дослiдження безпекового середовища «Прометей» («Центр исследования среды безопасности «Прометей») (Украина),598-р,,Включена
162,,25.04.2024,,17.05.2024,,"ККК - Stop Occupation of Karelia, Эстонская Республика",600-р,,Включена
163,,24.04.2024,,17.05.2024,,Мiжнародний благодiйний фонд «Повернись живим» («Международный благотворительный фонд «Вернись живым») (Украина),601-р,,Включена
164,,06.05.2024,,21.05.2024,,"Freedom House, Inc. («Фридом Хаус») (США)",619-р,,Включена
165,,07.05.2024,,24.05.2024,,SOTA media («СОТА медиа») (Литовская Республика),633-р,,Включена
166,,13.05.2024,,03.06.2024,,"«Лiберально-демократична Лiга Украïни»  (Liberal Democratic League of Ukraine,  «Либерально-демократическая Лига Украины») (Украина)",675-р,,Включена
167,,30.05.2024,,14.06.2024,,"Deutsches Historisches Institut Moskau  («Германский исторический институт в Москве»), ФРГ",720-р,,Включена
168,,03.06.2024,,21.06.2024,,"Great Commission Media Ministries (GCMM, «Медиа Министерство Великое Поручение», «Служба СМИ миссии «Великого поручения») (Канада)",750-р,,Включена
169,,03.06.2024,,21.06.2024,,"International Russian Radio & Television (IRR/TV, «Международное русское радио и телевидение») (Финляндия)",751-р,,Включена
170,,03.06.2024,,21.06.2024,,"Great Commission Media Ministries (GCMM, «Медиа Министерство Великое Поручение», «Служба СМИ миссии «Великого поручения») (США)",752-р,,Включена
171,,30.05.2024,,01.07.2024,,"Dekoder – gGmbH  (Dekoder – gGesselschaft mbH, Dekoder), ФРГ",782-р,,Включена
172,,11.06.2024,,01.07.2024,,"Center for Strategic  and International Studies (CSIS, «Центр стратегических и международных исследований») (США)",783-р,,Включена
173,,20.06.2024,,08.07.2024,,"Venajan Demokratian Puolesta («Демократическое сообщество русскоязычных в Финляндии», ДСРФ), Финляндская Республика",850-р,,Включена
174,,20.06.2024,,08.07.2024,,"Vuoksi Ry («Вуокси РЮ»), Финляндская Республика",851-р,,Включена
175,,20.06.2024,,10.07.2024,,MitOst e.V. (Германия),864-р,,Включена
176,,26.06.2024,,10.07.2024,,"The John Smith Trust (JST, «Фонд Джона Смита») (Великобритания)",865-р,,Включена
177,,03.07.2024,,17.07.2024,,The Moscow Times («Москоу Таймс») (Королевство Нидерландов),895-р,,Включена
178,,01.07.2024,,18.07.2024,,Carnegie Endowment for International Peace («Фонд Карнеги за Международный Мир») (США),896-р,,Включена
179,,16.07.2024,,02.08.2024,,"Assemblée des Peuples du Caucase (Assembly of the Peoples of the Caucasus, «Ассамблея народов Кавказа») (Французская Республика)",974-р,,Включена
180,,16.07.2024,,05.08.2024,,"EF Education First, Швейцария",978-р,,Включена
181,,16.07.2024,,05.08.2024,,Fundacja OSTMOST («Фонд «ОСТМОСТ») (Республика Польша),979-р,,Включена
182,,31.07.2024,,14.08.2024,,"Konrad-Adenauer-Stiftung e.V. («Конрад-Аденауэр-Штифтунг е.Ф.», «Фонд имени Конрада Аденауэра», «Зарегистрированное некоммерческое объединение «Фонд им. Конрада Аденауэра») (Германия)",1010-р,,Включена
183,,30.07.2024,,14.08.2024,,"Kulturus, z. s. («Культурус») (Чешская Республика)",1011-р,,Включена
184,,30.07.2024,,14.08.2024,,MRR-Fund gemeinnützige UG (haftungsbeschränkt) («Фонд MRR») (ФРГ),1012-р,,Включена
185,,30.07.2024,,14.08.2024,,Russland hinter gittern e.V. («Россия  за решеткой») (ФРГ),1013-р,,Включена
186,,30.07.2024,,14.08.2024,,"Za vaši a naši svobodu, z. s. («За вашу  и нашу свободу») (Чешская Республика)",1014-р,,Включена
187,,13.08.2024,,27.08.2024,,«Депутаты Мирной России» (ФРГ),1068-р,,Включена
188,,14.08.2024,,27.08.2024,,"Clooney Foundation for Justice («Фонд Клуни за справедливость»), США",1069-р,,Включена
189,,11.09.2024,,01.10.2024,,"Belsat (Belsat TV, Belarusian Satellite) «Белсат» («Белсат ТВ», «Белорусское спутниковое»), Республика Польша",1227-р,,Включена
190,,18.09.2024,,04.10.2024,,"Благодiйна органiзацiя «Фонд 24.02» (Фонд 24.02, Charitable organization «Fund 24.02», Fund 24.02, Благотворительная организация «Фонд 24.02») (Украина)",1241-р,,Включена
191,,07.10.2024,,30.10.2024,,"Media in Cooperation and Transition gGmbH (MiCT) («Средства массовой информации в сотрудничестве и трансформации»), ФРГ",1370-р,,Включена
192,,30.10.2024,,14.11.2024,,"Internationale Assoziation  für Intellektuelle Spiele (IAIS, «Международная ассоциация интеллектуальных игр», МАИИ) (Княжество Лихтенштейн)",1439-р,,Включена
193,,30.10.2024,,14.11.2024,,"Young Presidents Organization  (YPO, «Организация молодых президентов») (США)",1440-р,,Включена
194,,06.11.2024,,20.11.2024,,"«Центр iнформацiï про права людини» («Центр информации о правах человека»), другое используемое наименование: «Центр прав людини ZMINA» («Центр прав человека ЗМИНА») (Украина)",1457-р,,Включена
195,20.12.2024,29.11.2024,,19.12.2024,,"The Satanic Temple («Сатанинский храм», «Храм сатаны»), США",1640-р,,Включена
196,10.01.2025,16.12.2024,,09.01.2025,,Recorded Future («Записанное будущее») (США),1-р,,Включена
197,10.01.2025,17.12.2024,,10.01.2025,,"Canadian Center for Development of Democracy in Russia (Canadian Centre for Development of Democracy in Russia, «Канадский центр по развитию демократии в России», «КЦРД») (Канада)",3-р,,Включена
198,17.01.2025,16.12.2024,,17.01.2025,,"Commission on Security and Cooperation in Europe (U.S. Helsinki Commission, CSCE, «Комиссия по безопасности и сотрудничеству  в Европе», «Хельсинкская комиссия США»), США",29-р,,Включена
199,17.01.2025,20.12.2024,,17.01.2025,,Help Heroes Of Ukraine («Помоги героям Украины») (США),30-р,,Включена
200,17.01.2025,25.12.2024,,17.01.2025,,"International Religious Freedom or Belief Alliance (IRFBA, «Международный альянс за свободу вероисповедания»), США",31-р,,Включена
201,31.01.2025,09.01.2025,,30.01.2025,,OpenText Corporation («Корпорация Открытый текст») (Канада),105-р,,Включена
202,31.01.2025,20.01.2025,,30.01.2025,,"Independent Institute of Philosophy (Institut de philosophie indépendant) («Независимый институт философии»), Франция",106-р,,Включена
203,31.01.2025,25.12.2024,,30.01.2025,,"Journalists in Need Network (JINN gGmbH, «Сеть журналистов  в бедственном положении»), Федеративная Республика Германия",107-р,,Включена
204,31.01.2025,09.01.2025,,30.01.2025,,Compelson s.r.o. («Компелсон») (Чешская Республика),108-р,,Включена
205,07.02.2025,22.01.2025,,07.02.2025,,"Register of Damage Caused by the Aggression of the Russian Federation against Ukraine («Реестр ущерба, нанесенного агрессией Российской Федерации против Украины») (Королевство Нидерландов)",159-р,,Включена
206,19.02.2025,04.02.2025,,18.02.2025,,The Independent Barents Observer AS («Независимый Баренц Обозреватель») (Королевство Норвегия),200-р,,Включена
207,04.03.2025,07.02.2025,,03.03.2025,,Associaão de russos livres («Ассоциация свободных россиян») (Португальская Республика),260-р,,Включена
208,06.03.2025,19.02.2025,,05.03.2025,,"Руско демократско друштво (Russian Democratic Society, «Российское демократическое общество», «РДО») (Республика Сербия)",271-р,,Включена
209,17.03.2025,24.02.2025,,17.03.2025,,"Alliance of Liberals and Democrats for Europe Party, сокращенное наименование ALDE Party («Партия «Альянс демократов и либералов  за Европу», «Партия «АЛДЕ») (Бельгия)",326-р,,Включена
210,17.03.2025,24.02.2025,,17.03.2025,,"European Liberal Youth (LYMEC, «Европейская либеральная молодежь») (Бельгия)",327-р,,Включена
211,25.03.2025,05.03.2025,,24.03.2025,,"Rasmussen Global (Rasmussen Global Consulting, «Расмуссен Глобал», «Расмуссен Глобал Консалтинг»), Королевство Дания.",362-р,,Включена
212,25.03.2025,26.02.2025,,24.03.2025,,«Ассоциация развития русского гражданского общества  и поддержки российских эмигрантов» («АРЭМ») (Латвийская Республика),363-р,,Включена
213,28.03.2025,05.03.2025,,26.03.2025,,"Pour lʼUkraine, pour leur liberté et la nôtre!  («За Украину, за их и за нашу свободу!») (Французская Республика)",378-р,,Включена
214,03.04.2025,10.03.2025,,01.04.2025,,The European Leadership Network («Европейская сеть лидеров»),412-р,,Включена
215,03.04.2025,05.03.2025,,01.04.2025,,"Deutsche Gesellschaft für Auswärtige Politik e.V. («Германское общество внешней политики»), ФРГ",413-р,,Включена
216,15.04.2025,21.03.2025,,14.04.2025,,"Elton John AIDS Foundation («Фонд Элтона Джона  по борьбе со СПИДом»), Великобритания",465-р,,Включена
217,15.04.2025,21.03.2025,,14.04.2025,,"Justice for Journalists Foundation (Фонд «Справедливость  для журналистов»), Великобритания",466-р,,Включена
218,15.04.2025,21.03.2025,,14.04.2025,,"Elton John AIDS Foundation («Фонд Элтона Джона по борьбе  со СПИДом»), США",467-р,,Включена
219,21.04.2025,21.03.2025,,18.04.2025,,"Hanns-Seidel-Stiftung e.V. (HSS, «Фонд имени Ханнса Зайделя», «ФХЗ») (ФРГ)",528-р,,Включена
220,21.04.2025,03.04.2025,,18.04.2025,,«Ассоциация по вопросам северных территорий» (Япония),529-р,,Включена
221,24.04.2025,31.03.2025,,22.04.2025,,"«Hope Harbor Society» (Общество «Гавань надежды»), США",541-р,,Включена
222,12.05.2025,10.04.2025,,07.05.2025,,"Comunità dei Russi Liberi in Italia (Comunità dei Russi Liberi, «Сообщество свободных россиян Италии») (Итальянская Республика)",598-р,,Включена
223,15.05.2025,11.04.2025,,14.05.2025,,International Indigenous Fund for Development and Solidarity Batani («Международный фонд развития и солидарности коренных народов Батани») (США),609-р,,Включена
224,22.05.2025,11.04.2025,,22.05.2025,,"Sdružení investigativních novinářů – Fond 19/29, z.s. («Содружество журналистов-расследователей – Фонд 19/29») (Чешская Республика)",656-р,,Включена
225,22.05.2025,21.04.2025,,22.05.2025,,"Stowarzyszenie Wspólnota Polska (Ассоциация «Вспульнота Польска»), Республика Польша",657-р,,Включена
226,29.05.2025,12.05.2025,,28.05.2025,,"Amnesty International Ltd (AMNESTY INTERNATIONAL LIMITED) («Международная Амнистия Лимитед», «МЕЖДУНАРОДНАЯ АМНИСТИЯ ЛИМИТЕД»), Великобритания",691-р,,Включена
227,29.05.2025,12.05.2025,,28.05.2025,,"Eurasian Coalition on Health, Rights, Gender and Sexual Diversity («Евразийская коалиция по здоровью, правам, гендерному и сексуальному многообразию»), Эстонская Республика",692-р,,Включена
228,02.06.2025,29.04.2025,,02.06.2025,,Brigham Young University («Университет Бригама Янга») (США),717-р,,Включена
229,02.06.2025,29.04.2025,,02.06.2025,,"Körber-Stiftung («Фонд Кёрбера»), ФРГ",718-р,,Включена
230,05.06.2025,12.05.2025,,03.06.2025,,"Association for Slavic, East European and Eurasian Studies («Ассоциация славянских, восточноевропейских и евразийских исследований»), США",719-р,,Включена
231,05.06.2025,12.05.2025,,03.06.2025,,Radio Echo GmbH («Радио Эхо») (ФРГ),720-р,,Включена
232,05.06.2025,12.05.2025,,03.06.2025,,"ASSOCIATION INSTITUT FÜR DIE WISSENSCHAFTEN VOM MENSCHEN (IWM) (АССОЦИАЦИЯ «ИНСТИТУТ ГУМАНИТАРНЫХ НАУК», ИГН, «Институт наук о человеке»), Австрия",721-р,,Включена
233,11.06.2025,12.05.2025,,11.06.2025,,"No war  («Нет войне», «Антивоенное движение No war»), Монголия",758-р,,Включена
234,11.06.2025,26.05.2025,,11.06.2025,,"The British Council («Британский Совет»), Великобритания",759-р,,Включена
235,23.06.2025,30.05.2025,,19.06.2025,,"Global Network of Sex Work Projects («Глобальная сеть проектов по секс-работе»), Великобритания",779-р,,Включена
236,23.06.2025,30.05.2025,,19.06.2025,,"«Демократическое сообщество россиян на Кипре» («ДСРК»), Республика Кипр",780-р,,Включена
237,25.06.2025,09.06.2025,,24.06.2025,,"Razom for Ukraine (Razom Inc, «Разом для Украины», «Вместе  для Украины», Корпорация «Вместе»), США",813-р,,Включена
238,25.06.2025,03.06.2025,,24.06.2025,,"Sex Worker`s Rights Advocacy Network («Сеть по защите прав  секс-работников»), Венгрия",814-р,,Включена
239,04.07.2025,16.06.2025,,02.07.2025,,"Eurasian Harm Reduction Association («Евразийская ассоциация снижения вреда»), Литовская республика",856-р,,Включена
240,04.07.2025,11.06.2025,,02.07.2025,,"European Resilience Initiative Centre (ERIC, «Европейский инициативный центр устойчивости», «Центр европейской инициативы  по устойчивости») (ФРГ)",857-р,,Включена
241,11.07.2025,24.06.2025,,11.07.2025,,"«Норвежский Хельсинкский комитет» (Den Norske Helsingforskomité), Королевство Норвегия",902-р,,Включена
242,11.07.2025,23.06.2025,,11.07.2025,,"Yale University («Йельский Университет»), США",903-р,,Включена
243,11.07.2025,23.06.2025,,11.07.2025,,"«Благодійний фонд «Армія SOS» («Благотворительный фонд «Армия СОС», Army SOS), Украина",904-р,,Включена
244,24.07.2025,01.07.2025,,22.07.2025,,"«Гражданское сетевое движение «Мир. Прогресс. Права человека» («Гражданское сетевое (общественное, демократическое) движение «Мир. Прогресс. Права человека»)",963-р,,Включена
245,24.07.2025,01.07.2025,,22.07.2025,,"Institut Andrei Sakharov (L'Institut Andrei Sakharov, «Институт Андрея Сахарова», «Институт имени Андрея Сахарова») (Франция)",964-р,,Включена
246,04.08.2025,04.07.2025,,01.08.2025,,"«Фонд Роберта Карра для сетей гражданского общества» (Robert Carr Fund For Civil Society Networks), Нидерланды",1015-р,,Включена
247,04.08.2025,04.07.2025,,04.08.2025,,"«East View Information Services Inc.», США",1016-р,,Включена
248,04.08.2025,04.07.2025,,04.08.2025,,"Netzwerk für Osteuropa-Berichterstattung – n-ost e.V.  («Журналистская сеть по освещению событий в Восточной Европе»), Федеративная Республика Германия",1017-р,,Включена
249,04.08.2025,15.07.2025,,04.08.2025,,"Rosa-Luxemburg-Stiftung Gesellschaftsanalyse und politische Bildung e.V. («Фонд имени Розы Люксембург», «Фонд социального анализа и политического образования имени Розы Люксембург»), ФРГ",1018-р,,Включена
250,07.08.2025,16.07.2025,,07.08.2025,,"International House World Organisation («Всемирная организация ""Международный дом""»), Великобритания",1035-р,,Включена
251,07.08.2025,21.07.2025,,07.08.2025,,"«UnMode – community Movement  for Access to Justice» (UNMODE, «Анмуд – общественное движение  за доступность правосудия») (Грузия)",1036-р,,Включена
252,12.08.2025,25.07.2025,,11.08.2025,,"Helsińska Fundacja Praw Człowieka (Helsinki Foundation for Human Rights, «Хельсинский Фонд по Правам Человека»), Польша",1048-р,,Включена
253,14.08.2025,25.07.2025,,14.08.2025,,Group 36 («Группа 36») (США),1065-р,,Включена
254,14.08.2025,23.07.2025,,14.08.2025,,"Reporters sans Frontières (RSF), («Репортеры без границ»), Франция",1066-р,,Включена
255,21.08.2025,01.08.2025,,18.08.2025,,"Stiftung Erinnerung, Verantwortung und Zukunft e.V (EVZ, Фонд «Память, ответственность и будущее»), Германия",1087-р,,Включена
256,21.08.2025,30.07.2025,,18.08.2025,,"Zimin Foundation («Фонд Зимина»), Великобритания",1088-р,,Включена
257,21.08.2025,01.08.2025,,18.08.2025,,"Stichting Nederlands Helsinki Comité («Фонд Нидерландского Хельсинкского Комитета», «Нидерландский Хельсинкский Комитет»), Королевство Нидерландов",1089-р,,Включена
258,21.08.2025,06.08.2025,,21.08.2025,,Demokrati-JA e.V. (Германия),1099-р,,Включена
259,27.08.2025,06.08.2025,,26.08.2025,,ProtectDefenders.eu («Защити защитников.ЕС») (Королевство Бельгия),1118-р,,Включена
260,27.08.2025,06.08.2025,,26.08.2025,,Civic Solidarity Platform («Платформа гражданской солидарности»),1119-р,,Включена
261,05.09.2025,13.08.2025,,04.09.2025,,"Human Rights Funders Network  (HRFN, «Сеть спонсоров прав человека») (США)",1162-р,,Включена
262,05.09.2025,08.08.2025,,04.09.2025,,"«Королевский объединенный институт оборонных исследований»  (The Royal United Services Institute for Defence and Security Studies, RUSI), Великобритания",1163-р,,Включена
263,05.09.2025,15.08.2025,,04.09.2025,,"International Baccalaureate  («Международный бакалавриат»), Швейцария",1164-р,,Включена
264,17.09.2025,15.08.2025,,16.09.2025,,"Friede Allen e.V. («Мир Всем»), Германия",1208-р,,Включена
265,26.09.2025,09.09.2025,,25.09.2025,,"AFS Intercultural Programs Inc («Межкультурные программы АФС»), США",1265-р,,Включена
266,03.10.2025,09.09.2025,,01.10.2025,,"Initiative for Resistance and Dialogues (Initiative FoReDi ry, «Инициатива по сопротивлению и диалогу»), Финляндская Республика",1292-р,,Включена
267,03.10.2025,08.09.2025,,01.10.2025,,"Eurasian Network of People who use drugs (ENPUD, «Евразийская Сеть Людей, употребляющих наркотики», ЕСЛУН), Грузия",1293-р,,Включена
268,03.10.2025,17.09.2025,,02.10.2025,,"Bart Marsho (Bart-Marsho, «Барт Маршо», «Барт-Маршо», «Единство и Свобода»), Французская Республика",1295-р,,Включена
269,03.10.2025,17.09.2025,,02.10.2025,,"Assemblee des Tchétchènes ďEurope (The Assembly of Chechens of Europe, «Ассамблея чеченцев Европы»), Французская Республика",1296-р,,Включена
270,10.10.2025,16.09.2025,,08.10.2025,,"CORRECTIV – Recherchen für die Gesellschaft gemeinnützige GmbH («КОРРЕКТИВ» – расследования для общества»), ФРГ",1327-р,,Включена
271,31.10.2025,17.10.2025,,30.10.2025,,"The International Center for Journalists (ICFJ, «Международный центр для журналистов»), (США)",1436-р,,Включена
272,31.10.2025,16.10.2025,,30.10.2025,,"Truth Hounds («Трус Хаундс»), (Украина)",1437-р,,Включена
273,31.10.2025,17.10.2025,,30.10.2025,,"Ideas  for Change («Идеи для перемен»), (Украина)",1438-р,,Включена
274,31.10.2025,17.10.2025,,30.10.2025,,"JX Fund gGmbH («Европейский фонд журналистики в изгнании»), (ФРГ)",1439-р,,Включена
275,10.11.2025,24.10.2025,,07.11.2025,,"The Nordic Council of Ministers («Совет министров Северных стран», «Северный Совет Министров»), Королевство Дания",1475-р,,Включена
276,14.11.2025,01.11.2025,,13.11.2025,,"Equal Rights Trust (ERT, «Фонд равных прав», «Ассоциация равных прав»), Великобритания",1487-р,,Включена
277,26.11.2025,10.11.2025,,24.11.2025,,"Free Peoples of Russia House («Дом народов свободной России»), США",1541-р,,Включена
278,26.11.2025,07.11.2025,,24.11.2025,,"Organized Crime and Corruption Reporting Project («Центр по исследованию коррупции и организованной преступности»), Королевство Нидерланды",1542-р,,Включена
279,28.11.2025,10.11.2025,,28.11.2025,,"Human Rights Watch, Inc. («Защита прав человека»), США",1564-р,,Включена
280,28.11.2025,13.11.2025,,28.11.2025,,"GSC Game World («ГСК Игровой мир»), (Украина)",1565-р,,Включена
281,02.12.2025,13.11.2025,,01.12.2025,,"Fédération internationale pour les droits humains («Международная федерация за права человека»), Французская Республика",1587-р,,Включена
282,05.12.2025,19.11.2025,,02.12.2025,,"Громадська органiзацiя «Харкiвська правозахисна група» (Kharkiv Human Rights Protection Group, KHPG, «Харьковская правозащитная группа», ХПГ), Украина",1589-р,,Включена
283,05.12.2025,19.11.2025,,04.12.2025,,"«Тюркский фронт возрождения», Турецкая Республика",1596-р,,Включена
284,05.12.2025,24.11.2025,,04.12.2025,,"IMKANDER («Ассоциация защиты человека и братства Imkander», «Общество защиты человека и братства»), Турецкая Республика",1597-р,,Включена
285,05.12.2025,21.11.2025,,04.12.2025,,Fundacja Wsparcia Rady Obywatelskiej («Фонд поддержки Гражданского Совета») Республика Польша,1598-р,,Включена
286,16.12.2025,01.12.2025,,15.12.2025,,"Allianz für ein freiheitlich-demokratisches Russland e.V. («Альянс за свободную демократическую Россию»), ФРГ",1656-р,,Включена
287,16.12.2025,02.12.2025,,15.12.2025,,"Natur og Ungdom («Природа и молодежь»), Королевство Норвегия",1657-р,,Включена
288,16.12.2025,01.12.2025,,15.12.2025,,"For Free Russia («За свободную Россию»), Республика Болгария",1658-р,,Включена
289,16.12.2025,01.12.2025,,15.12.2025,,"MTÜ Ingeri Marja («Дом Ингрии»), Эстонская Республика",1659-р,,Включена
290,16.12.2025,01.12.2025,,15.12.2025,,"медиакорпорация Deutsche Welle («Немецкая волна»), Федеративная Республика Германия",1660-р,,Включена
291,22.12.2025,02.12.2025,,18.12.2025,,"Stichting Justice Initiative (SJI, Фонд «Правовая инициатива»), Нидерланды",1681-р,,Включена
292,30.12.2025,16.12.2025,,29.12.2025,,Rubikus e.V. («Зарегистрированное объединение «Рубикус») (ФРГ),1747-р,,Включена
293,30.12.2025,16.12.2025,,29.12.2025,,"«Русскоязычные демократки и демократы» (Russischsprachige Demokratinnen und Demokraten e.V.), ФРГ",1748-р,,Включена
294,30.12.2025,16.12.2025,,29.12.2025,,"MB Action4life LT («Действие ради жизни»), Литовская Республика",1749-р,,Включена
295,30.12.2025,17.11.2025,,29.12.2025,,"Nordic Ukraine Forum (NUF, объединение «Северный Украинский Форум»), Королевство Швеция",1750-р,,Включена
296,30.12.2025,15.12.2025,,29.12.2025,,LexCollective (США),1751-р,,Включена
297,13.01.2026,18.12.2025,,12.01.2026,,"OAK Foundation LTD, Швейцарская Конфедерация",1-р,,Включена
298,13.01.2026,17.12.2025,,12.01.2026,,"MTÜ SupportNet, Эстония",2-р,,Включена
299,13.01.2026,17.12.2025,,12.01.2026,,"Casimir Pulaski Foundation («Фонд им. Казимира Пулаского»), Республика Польша",3-р,,Включена
300,13.01.2026,17.12.2025,,12.01.2026,,"Fundacja im. Stefana Batorego («Фонд им. Стефана Батория»), Республика Польша",4-р,,Включена
301,13.01.2026,17.12.2025,,12.01.2026,,"Trial International («Международная ассоциация по борьбе  с безнаказанностью ТРИАЛ»), Швейцария",5-р,,Включена
302,13.01.2026,17.12.2025,,12.01.2026,,"Institute for Global Reconstitution (IGRec, «Институт глобального восстановления»), ФРГ",6-р,,Включена
303,13.01.2026,17.12.2025,,12.01.2026,,"Fundacją Samogłoska (Фонд «Самоглоска»), Республика Польша",7-р,,Включена
304,13.01.2026,16.12.2025,,12.01.2026,,"Fundacja Wolnosc i Demokracja (Фонд «Свобода  и Демократия»), Республика Польша",8-р,,Включена
305,21.01.2026,24.12.2025,,19.01.2026,,"The International Lesbian, Gay, Bisexual, Trans and Intersex Association (ILGA World, «Международная ассоциация лесбиянок, геев, бисексуалов, трансгендеров и интерсексуалов»), Швейцарская Конфедерация",40-р,,Включена
306,21.01.2026,22.12.2025,,19.01.2026,,"Stichting B4Ukraine Foundation (B4Ukraine), Королевство Нидерландов",41-р,,Включена
307,21.01.2026,22.12.2025,,19.01.2026,,"MTÜ «SAB UA» (MTÜ «Support Ukrainian Army»), Эстонская Республика",42-р,,Включена
308,21.01.2026,24.12.2025,,19.01.2026,,"The George Washington university («Университет Джорджа Вашингтона»), США",43-р,,Включена
309,21.01.2026,24.12.2025,,19.01.2026,,"The Lemkin Institute for Genocide Prevention, Inc («Институт Лемкина для предотвращения геноцида»), США",44-р,,Включена
310,21.01.2026,22.12.2025,,19.01.2026,,"RUHelp («РУХелп», Великое Герцогство Люксембург)",45-р,,Включена
311,21.01.2026,22.12.2025,,19.01.2026,,"Artec 3D (Artec Europe S.A.R.L., «Артек 3Д», ООО «Артек Европа», Великое Герцогство Люксембург)",46-р,,Включена
312,21.01.2026,25.12.2025,,19.01.2026,,"Centre for Peacebuilding and Community Development (Peacebuilding UK, «Миростроительство в Великобритании», «Центр миротворчества  и развития общин»), Соединенное Королевство Великобритании  и Северной Ирландии",47-р,,Включена
313,21.01.2026,22.12.2025,,19.01.2026,,"Human Rights First («Права человека прежде всего»), США",48-р,,Включена
